#VRML V2.0 utf8
# 3D model generated by easyeda2kicad.py (https://github.com/uPesy/easyeda2kicad.py)

Shape{
    appearance Appearance {
        material  Material 	{
            diffuseColor 0.996078431372549 0.8705882352941177 0.7607843137254902
            specularColor 0.4980392156862745 0.43529411764705883 0.3803921568627451
            ambientIntensity 0.8956
            transparency 0.0
            shininess 0.5
        }
    }
    geometry IndexedFaceSet {
        ccw TRUE
        solid FALSE
        coord DEF co Coordinate {
            point [
                -0.8917 -2.5866 0.2997, -0.8917 -2.5866 0.2363, -0.7376 -2.5866 0.2363, -0.8917 -2.5866 0.5537, -0.8917 -2.5866 0.5068, -0.7376 -2.5866 0.5068, -0.6765 -2.5866 0.7151, -0.6642 -2.5866 0.7166, -0.728 -2.5866 0.7166, -0.6352 -2.5866 0.5547, -0.6454 -2.5866 0.5537, -0.5925 -2.5866 0.5537, 0.0295 -2.5866 1.5748, -0.1673 -2.5866 1.7717, -0.2814 -2.5866 1.7717, -0.5625 -2.5866 0.6968, -0.5625 -2.5866 0.6456, -0.5193 -2.5866 0.6456, -0.5525 -2.5866 0.3005, -0.5594 -2.5866 0.2997, -0.5193 -2.5866 0.2997, -0.5877 -2.5866 0.3001, -0.5925 -2.5866 0.3018, -0.5925 -2.5866 0.2997, -0.362 -2.5866 0.4428, -0.362 -2.5866 0.3915, -0.332 -2.5866 0.3915, -1.6832 -2.5866 0.4953, -1.6809 -2.5866 0.5068, -1.8113 -2.5866 0.5068, -1.0292 -2.5866 0.5895, -0.9986 -2.5866 0.5631, -0.8917 -2.5866 0.7166, -1.1576 -2.5866 0.7166, -1.1315 -2.5866 0.699, -1.0943 -2.5866 0.6561, -1.07 -2.5866 0.609, -1.0629 -2.5866 0.6066, -1.4185 -2.5866 0.7166, -1.3953 -2.5866 0.7309, -1.8113 -2.5866 1.4122, -1.3428 -2.5866 0.7512, -1.7084 -2.5866 1.541, -1.8063 -2.5866 1.4217, -1.2863 -2.5866 0.7582, -1.4529 -2.5866 1.7117, -1.589 -2.5866 1.639, -1.1823 -2.5866 0.7331, -0.8917 -2.5866 1.7717, -1.2394 -2.5866 0.7533, -1.1516 -2.5866 1.7717, -1.3052 -2.5866 1.7565, -1.6302 -2.5866 0.6113, -1.6197 -2.5866 0.621, -1.8113 -2.5866 0.7166, -1.423 -2.5866 0.7138, -1.5815 -2.5866 0.6466, -1.5389 -2.5866 0.6616, -1.4992 -2.5866 0.666, -1.4497 -2.5866 0.6909, -1.4861 -2.5866 0.6653, -1.4731 -2.5866 0.6637, -1.8113 -2.5866 0.5537, -1.6742 -2.5866 0.5401, -1.6677 -2.5866 0.5537, -1.6549 -2.5866 0.5805, -1.5448 -2.5866 0.3028, -1.5648 -2.5866 0.3091, -1.8113 -2.5866 0.2997, -1.6052 -2.5866 0.3304, -1.6359 -2.5866 0.3574, -1.6404 -2.5866 0.3626, -1.6643 -2.5866 0.3994, -1.6794 -2.5866 0.442, -1.6837 -2.5866 0.4815, -1.4942 -2.5866 0.2407, -1.5165 -2.5866 0.2575, -1.8113 -2.5866 0.2363, -1.5334 -2.5866 0.2784, -1.5433 -2.5866 0.2997, -0.8917 -2.5866 0.0394, -1.4091 -2.5866 0.2287, -1.8113 -2.5866 0.0394, -1.4366 -2.5866 0.2253, -1.4411 -2.5866 0.2254, -1.468 -2.5866 0.2296, -1.4837 -2.5866 0.2363, -1.3299 -2.5866 0.2997, -1.33 -2.5866 0.2994, -1.3434 -2.5866 0.274, -1.361 -2.5866 0.2542, -1.3837 -2.5866 0.2385, -1.3895 -2.5866 0.2363, -0.9994 -2.5866 0.3517, -1.032 -2.5866 0.3245, -0.9778 -2.5866 0.3815, -1.3512 -2.5866 0.4155, -1.1987 -2.5866 0.4952, -1.3711 -2.5866 0.4336, -1.3952 -2.5866 0.4465, -1.0284 -2.5866 0.4686, -1.0337 -2.5866 0.4904, -1.0425 -2.5866 0.5068, -1.6091 -2.5866 0.5068, -1.1762 -2.5866 0.3701, -1.1634 -2.5866 0.4348, -1.1841 -2.5866 0.3671, -1.1911 -2.5866 0.3623, -1.1756 -2.5866 0.3013, -1.1831 -2.5866 0.304, -1.1907 -2.5866 0.309, -1.1944 -2.5866 0.3127, -1.6025 -2.5866 0.4386, -1.5888 -2.5866 0.4153, -1.531 -2.5866 0.4036, -1.5684 -2.5866 0.3943, -1.5436 -2.5866 0.3791, -1.4889 -2.5866 0.4413, -1.5122 -2.5866 0.4251, -1.612 -2.5866 0.4838, -1.6106 -2.5866 0.4664, -0.9621 -2.5866 0.4956, -0.9573 -2.5866 0.4599, -0.9574 -2.5866 0.4546, -0.963 -2.5866 0.4173, -1.0669 -2.5866 0.3079, -1.103 -2.5866 0.3005, -1.1702 -2.5866 0.3005, -1.4637 -2.5866 0.4509, -1.4366 -2.5866 0.4542, -1.4227 -2.5866 0.4534, -1.1679 -2.5866 0.3711, -1.1668 -2.5866 0.371, -1.1634 -2.5866 0.3702, -1.2032 -2.5866 0.3358, -1.2031 -2.5866 0.3389, -1.3228 -2.5866 0.3506, -1.2011 -2.5866 0.3477, -1.197 -2.5866 0.3557, -1.1993 -2.5866 0.3199, -1.2022 -2.5866 0.3276, -1.3234 -2.5866 0.3275, -1.3228 -2.5866 0.3392, -1.051 -2.5866 0.3986, -1.0384 -2.5866 0.4163, -1.0306 -2.5866 0.4366, -1.0279 -2.5866 0.4588, -1.1611 -2.5866 0.3699, -1.1099 -2.5866 0.3699, -1.0895 -2.5866 0.3738, -1.0694 -2.5866 0.3831, -1.0526 -2.5866 0.3968, -1.1258 -2.5866 0.5476, -1.5988 -2.5866 0.5367, -1.6086 -2.5866 0.5113, -1.1167 -2.5866 0.5476, -1.0443 -2.5866 0.5101, -1.0575 -2.5866 0.5249, -1.0752 -2.5866 0.5373, -1.0951 -2.5866 0.5449, -1.587 -2.5866 0.5537, -1.4378 -2.5866 0.5806, -1.4461 -2.5866 0.5851, -1.1467 -2.5866 0.61, -1.1711 -2.5866 0.6418, -1.1806 -2.5866 0.6508, -1.2129 -2.5866 0.6725, -1.2487 -2.5866 0.6857, -1.4717 -2.5866 0.5944, -1.4981 -2.5866 0.5977, -1.5098 -2.5866 0.5971, -1.127 -2.5866 0.5537, -1.1307 -2.5866 0.5726, -1.2852 -2.5866 0.6899, -1.2901 -2.5866 0.6898, -1.4218 -2.5866 0.6144, -1.3281 -2.5866 0.6842, -1.3967 -2.5866 0.6453, -1.3652 -2.5866 0.6689, -1.5379 -2.5866 0.5904, -1.5633 -2.5866 0.577, -1.5831 -2.5866 0.5594, -0.992 -2.5866 0.5537, -0.9757 -2.5866 0.5305, -0.9665 -2.5866 0.5068, -0.2965 -2.5866 0.3193, -0.2965 -2.5866 0.301, -0.2814 -2.5866 0.2997, -0.332 -2.5866 0.2997, -0.2814 -2.5866 0.5068, -0.3002 -2.5866 0.4428, -0.3002 -2.5866 0.4612, -0.362 -2.5866 0.3193, -0.332 -2.5866 0.3193, -0.362 -2.5866 0.3732, -0.332 -2.5866 0.3732, -0.3047 -2.5866 0.3732, -0.3047 -2.5866 0.3915, -0.332 -2.5866 0.4428, -0.332 -2.5866 0.301, -0.3826 -2.5866 0.301, -0.3934 -2.5866 0.2997, -0.3826 -2.5866 0.4612, -0.7127 -2.5866 0.3555, -0.7096 -2.5866 0.3879, -0.7167 -2.5866 0.3498, -0.7195 -2.5866 0.3427, -0.659 -2.5866 0.3071, -0.6663 -2.5866 0.3023, -0.649 -2.5866 0.301, -0.6737 -2.5866 0.2997, -0.6289 -2.5866 0.301, -0.728 -2.5866 0.2997, -0.7173 -2.5866 0.3155, -0.7197 -2.5866 0.3223, -0.6652 -2.5866 0.401, -0.6721 -2.5866 0.4017, -0.6829 -2.5866 0.369, -0.728 -2.5866 0.2363, -0.696 -2.5866 0.2997, -0.6967 -2.5866 0.2998, -0.7043 -2.5866 0.3027, -0.7066 -2.5866 0.3609, -0.6981 -2.5866 0.3652, -0.6957 -2.5866 0.3966, -0.6832 -2.5866 0.4007, -0.711 -2.5866 0.3073, -0.7131 -2.5866 0.3094, -0.5926 -2.5866 0.363, -0.6017 -2.5866 0.3258, -0.5925 -2.5866 0.3629, -0.5945 -2.5866 0.3213, -0.5925 -2.5866 0.3204, -0.6907 -2.5866 0.4155, -0.728 -2.5866 0.5068, -0.7056 -2.5866 0.4097, -0.7096 -2.5866 0.4074, -0.649 -2.5866 0.3187, -0.6495 -2.5866 0.3187, -0.6527 -2.5866 0.3139, -0.5959 -2.5866 0.3665, -0.6289 -2.5866 0.3746, -0.6017 -2.5866 0.3051, -0.6432 -2.5866 0.4107, -0.6378 -2.5866 0.4056, -0.5987 -2.5866 0.3976, -0.7208 -2.5866 0.3317, -0.7208 -2.5866 0.334, -0.649 -2.5866 0.3737, -0.6496 -2.5866 0.3825, -0.6517 -2.5866 0.3897, -0.654 -2.5866 0.3938, -0.6337 -2.5866 0.3992, -0.6305 -2.5866 0.3901, -0.6009 -2.5866 0.3911, -0.6702 -2.5866 0.418, -0.6584 -2.5866 0.417, -0.6499 -2.5866 0.4145, -0.6571 -2.5866 0.3971, -0.6606 -2.5866 0.3994, -0.5982 -2.5866 0.37, -0.6005 -2.5866 0.376, -0.6016 -2.5866 0.3846, -0.5836 -2.5866 0.2997, -0.5925 -2.5866 0.2363, -0.5707 -2.5866 0.2983, -0.53 -2.5866 0.413, -0.53 -2.5866 0.3935, -0.5275 -2.5866 0.3184, -0.5311 -2.5866 0.3131, -0.5253 -2.5866 0.3248, -0.5952 -2.5866 0.403, -0.5925 -2.5866 0.4055, -0.5925 -2.5866 0.5068, -0.5887 -2.5866 0.409, -0.5839 -2.5866 0.4119, -0.5374 -2.5866 0.3074, -0.5419 -2.5866 0.3046, -0.5731 -2.5866 0.4161, -0.5571 -2.5866 0.418, -0.5193 -2.5866 0.5068, -0.543 -2.5866 0.4168, -0.5312 -2.5866 0.3511, -0.5275 -2.5866 0.3456, -0.5253 -2.5866 0.3397, -0.5245 -2.5866 0.3322, -0.559 -2.5866 0.4017, -0.565 -2.5866 0.4013, -0.5809 -2.5866 0.3864, -0.5703 -2.5866 0.3999, -0.5748 -2.5866 0.3975, -0.5807 -2.5866 0.3837, -0.5799 -2.5866 0.3806, -0.5785 -2.5866 0.3779, -0.5765 -2.5866 0.3757, -0.5695 -2.5866 0.3713, -0.545 -2.5866 0.4, -0.5571 -2.5866 0.3659, -0.5337 -2.5866 0.3956, -0.5493 -2.5866 0.3627, -0.536 -2.5866 0.3553, -0.5779 -2.5866 0.3948, -0.5796 -2.5866 0.3923, -0.5806 -2.5866 0.3896, -0.582 -2.5866 0.3163, -0.5712 -2.5866 0.3513, -0.5832 -2.5866 0.3568, -0.5687 -2.5866 0.3147, -0.5678 -2.5866 0.3147, -0.5581 -2.5866 0.3458, -0.5576 -2.5866 0.3159, -0.5451 -2.5866 0.3302, -0.5453 -2.5866 0.3327, -0.5524 -2.5866 0.3178, -0.5506 -2.5866 0.3189, -0.5483 -2.5866 0.3209, -0.5465 -2.5866 0.3235, -0.5455 -2.5866 0.3264, -0.5462 -2.5866 0.3358, -0.5477 -2.5866 0.3385, -0.5502 -2.5866 0.3411, 2.1949 -2.5866 0.7155, 2.3467 -2.5866 0.7155, 2.3462 -2.5866 0.7166, -0.2226 -2.5866 0.5989, -0.2814 -2.5866 0.5989, -0.2063 -2.5866 0.5551, -0.2814 -2.5866 0.5537, -0.1834 -2.5866 0.5551, -0.2893 -2.5866 0.5989, -0.3047 -2.5866 0.5551, -0.332 -2.5866 0.5537, -0.3275 -2.5866 0.5551, -0.332 -2.5866 0.7166, -0.2814 -2.5866 0.6763, -0.2814 -2.5866 0.7166, -0.2665 -2.5866 0.7152, -0.2444 -2.5866 0.7152, -0.3934 -2.5866 0.5537, -0.3953 -2.5866 0.5585, -0.4228 -2.5866 0.5551, -0.4211 -2.5866 0.7152, -0.3934 -2.5866 0.7166, -0.4819 -2.5866 0.7166, -0.4819 -2.5866 0.5537, -0.4668 -2.5866 0.5551, -0.4668 -2.5866 0.7152, -0.3408 -2.5866 0.6083, -0.3486 -2.5866 0.5917, -0.355 -2.5866 0.6886, -0.3451 -2.5866 0.6747, -0.3606 -2.5866 0.5775, -0.3771 -2.5866 0.5656, -0.3934 -2.5866 0.5592, -0.3606 -2.5866 0.694, -0.3967 -2.5866 0.7125, -0.3934 -2.5866 0.7114, -0.3773 -2.5866 0.7055, -0.3391 -2.5866 0.6594, -0.3364 -2.5866 0.6372, -0.3369 -2.5866 0.627, -0.5193 -2.5866 0.7166, -0.5007 -2.5866 0.7152, -0.5193 -2.5866 0.7152, -0.5007 -2.5866 0.6968, -0.4971 -2.5866 0.5733, -0.4971 -2.5866 0.5551, -0.5193 -2.5866 0.5537, -0.5625 -2.5866 0.5733, -0.5193 -2.5866 0.5733, -0.5625 -2.5866 0.6272, -0.5193 -2.5866 0.6272, -0.5052 -2.5866 0.6272, -0.5052 -2.5866 0.6456, -0.5193 -2.5866 0.6968, -0.5832 -2.5866 0.7152, -0.5925 -2.5866 0.7166, -0.5832 -2.5866 0.5551, -1.879 -2.5866 1.2856, -1.9238 -2.5866 1.1379, 1.8206 -2.5866 1.5748, 1.999 -2.5866 1.4611, 2.1949 -2.5866 0.5537, 1.9757 -2.5866 1.4991, 1.9445 -2.5866 1.5309, 1.8649 -2.5866 1.5698, 1.9069 -2.5866 1.5549, 2.1949 -2.5866 0.5068, -0.2222 -2.5866 0.301, -0.2663 -2.5866 0.301, -0.127 -2.5866 0.301, -0.1364 -2.5866 0.373, -0.1402 -2.5866 0.3542, -0.2663 -2.5866 0.4612, -0.0439 -2.5866 0.4612, -0.066 -2.5866 0.4612, -0.1481 -2.5866 0.3377, -0.16 -2.5866 0.3235, -0.1766 -2.5866 0.3116, -0.1359 -2.5866 0.3832, -0.1386 -2.5866 0.4054, -0.16 -2.5866 0.44, -0.1545 -2.5866 0.4346, -0.1445 -2.5866 0.4206, -0.2206 -2.5866 0.4612, -0.1961 -2.5866 0.4585, -0.1768 -2.5866 0.4514, 2.1949 -2.5866 0.2997, 0.0171 -2.5866 0.301, -0.0057 -2.5866 0.301, -0.1042 -2.5866 0.301, -0.0888 -2.5866 0.3448, -0.0221 -2.5866 0.3448, -0.1948 -2.5866 0.3044, 2.1949 -2.5866 0.2363, 2.1949 -2.5866 0.0394, -0.2814 -2.5866 0.2363, -0.632 -2.5866 0.7162, -0.6152 -2.5866 0.7114, -0.5193 -2.5866 0.5551, -0.6152 -2.5866 0.6898, -0.618 -2.5866 0.5604, -0.649 -2.5866 0.5711, -0.6309 -2.5866 0.5745, -0.6152 -2.5866 0.5815, -0.6152 -2.5866 0.5617, -0.7133 -2.5866 0.6275, -0.617 -2.5866 0.6907, -0.6333 -2.5866 0.6969, -0.7055 -2.5866 0.5985, -0.6977 -2.5866 0.5877, -0.6946 -2.5866 0.5846, -0.6841 -2.5866 0.5772, -0.6727 -2.5866 0.5728, -0.6566 -2.5866 0.5708, -0.6966 -2.5866 0.6815, -0.7053 -2.5866 0.6694, -0.6857 -2.5866 0.6905, -0.6731 -2.5866 0.6963, -0.653 -2.5866 0.6993, -0.6592 -2.5866 0.699, -0.7134 -2.5866 0.6334, -0.7107 -2.5866 0.6556, -0.7107 -2.5866 0.6114, -0.6532 -2.5866 0.7179, -0.728 -2.5866 1.7717, -0.5925 -2.5866 1.7717, -0.6529 -2.5866 0.7179, -0.6361 -2.5866 0.7166, -0.7236 -2.5866 0.6792, -0.712 -2.5866 0.6944, -0.7082 -2.5866 0.698, -0.6932 -2.5866 0.7085, -0.7376 -2.5866 0.7166, -0.7312 -2.5866 0.6614, -0.728 -2.5866 0.669, -0.728 -2.5866 0.5958, -0.7319 -2.5866 0.6058, -0.7376 -2.5866 0.5537, -0.7351 -2.5866 0.6321, -0.7349 -2.5866 0.6405, -0.7017 -2.5866 0.5635, -0.7146 -2.5866 0.5742, -0.728 -2.5866 0.5537, -0.7253 -2.5866 0.5892, -0.6596 -2.5866 0.5524, -0.6692 -2.5866 0.5528, -0.6736 -2.5866 0.5537, -0.6866 -2.5866 0.5564, -0.6745 -2.5866 0.2994, -0.6845 -2.5866 0.2983, -0.425 -2.5866 0.4154, -0.4043 -2.5866 0.4154, -0.3934 -2.5866 0.5068, -0.332 -2.5866 0.4612, -0.332 -2.5866 0.5068, -0.4499 -2.5866 0.2997, -0.4617 -2.5866 0.3295, -0.4593 -2.5866 0.32, -0.4587 -2.5866 0.32, -0.4819 -2.5866 0.5068, -0.4819 -2.5866 0.3876, -0.4563 -2.5866 0.3293, -0.4578 -2.5866 0.324, -0.4819 -2.5866 0.2997, -0.4819 -2.5866 0.3337, -0.514 -2.5866 0.4154, -0.4916 -2.5866 0.4154, -0.4692 -2.5866 0.3013, -0.4698 -2.5866 0.2997, -0.478 -2.5866 0.2805, -0.5193 -2.5866 0.2363, -0.5099 -2.5866 0.2488, -0.5099 -2.5866 0.2667, -0.5058 -2.5866 0.2653, -0.4985 -2.5866 0.2644, -0.4947 -2.5866 0.2647, -0.4903 -2.5866 0.2661, -0.4865 -2.5866 0.2684, -0.4819 -2.5866 0.2508, -0.4884 -2.5866 0.2482, -0.4819 -2.5866 0.2363, -0.497 -2.5866 0.2472, -0.5014 -2.5866 0.2473, -0.4825 -2.5866 0.2725, -0.4819 -2.5866 0.2735, -0.4562 -2.5866 0.2838, -0.4653 -2.5866 0.2659, -0.3934 -2.5866 0.2363, -0.4736 -2.5866 0.2563, -0.4805 -2.5866 0.2513, -1.939 -2.5866 0.0394, -1.939 -2.5866 0.2363, -1.939 -2.5866 0.2997, -1.939 -2.5866 0.5068, -1.939 -2.5866 0.5537, -1.939 -2.5866 0.7166, -1.939 -2.5866 0.9843, -0.8055 -2.5866 0.7152, -0.8055 -2.5866 0.5733, -0.7417 -2.5866 0.5733, -0.7417 -2.5866 0.5551, -0.8261 -2.5866 0.5551, -0.8261 -2.5866 0.7152, -0.7436 -2.5866 0.4428, -0.7376 -2.5866 0.2997, -0.74 -2.5866 0.3193, -0.74 -2.5866 0.301, -0.8261 -2.5866 0.301, -0.8055 -2.5866 0.3732, -0.8055 -2.5866 0.3193, -0.7482 -2.5866 0.3732, -0.7482 -2.5866 0.3915, -0.8055 -2.5866 0.3915, -0.8055 -2.5866 0.4428, -0.8261 -2.5866 0.4612, -0.7436 -2.5866 0.4612, -0.7376 -2.5866 1.7717, -0.332 -2.5866 1.7717, -0.3934 -2.5866 1.7717, -0.4819 -2.5866 1.7717, -0.5193 -2.5866 1.7717, -0.332 -2.5866 0.2363, -0.2814 -2.5866 0.0394, -0.332 -2.5866 0.0394, -0.3934 -2.5866 0.0394, -0.4819 -2.5866 0.0394, -0.5193 -2.5866 0.0394, -0.5925 -2.5866 0.0394, -0.728 -2.5866 0.0394, -0.7376 -2.5866 0.0394, 2.5886 -1.8189 0.1772, 2.5886 -1.6615 0.1944, 2.5886 -1.9763 0.1944, 2.5886 -1.6507 0.1969, 2.5886 -1.9871 0.1969, 2.5886 -0.0759 0.1969, 2.5886 -0.4123 0.1969, 2.5886 -0.0867 0.1944, 2.5886 -0.4015 0.1944, 2.5886 -0.2441 0.1772, 2.5886 1.3307 0.1772, 2.5886 1.4881 0.1944, 2.5886 1.1733 0.1944, 2.5886 1.4989 0.1969, 2.5886 1.1625 0.1969, 2.1949 -2.0945 0.0394, 1.9587 -2.0945 0.0394, 1.9587 -1.5433 0.0394, -1.939 -2.0945 0.0394, -1.6831 -2.0945 0.0394, 2.1949 1.0551 0.0394, 2.1949 0.0315 0.0394, 1.9587 1.0551 0.0394, 1.9587 0.0315 0.0394, 2.1949 2.0984 0.0394, 2.1949 1.6063 0.0394, 1.9587 1.6063 0.0394, 1.9587 -0.5197 0.0394, 2.1949 -0.5197 0.0394, 2.1949 -1.5433 0.0394, -1.939 -1.5433 0.0394, -1.939 -0.5197 0.0394, -1.6831 -1.5433 0.0394, -1.6831 -0.5197 0.0394, -1.6831 0.0315 0.0394, -1.939 1.6063 0.0394, -1.939 2.0984 0.0394, -1.6831 1.6063 0.0394, -1.6831 1.0551 0.0394, -1.939 1.0551 0.0394, -1.939 0.0315 0.0394, 0.3051 0.7598 1.5748, 0.0295 0.7598 1.5748, 0.0295 0.3268 1.5748, 0.0295 -0.815 1.5748, 0.0295 -1.248 1.5748, 0.3051 -0.815 1.5748, 0.3051 -1.248 1.5748, 0.3051 0.3268 1.5748, 1.8206 2.0984 1.5748, 0.3051 1.9016 1.5748, 0.0295 2.0984 1.5748, 0.0295 1.9016 1.5748, 0.0295 -2.3898 1.5748, 0.3051 -2.3898 1.5748, 0.1673 0.0512 1.5748, 0.0295 0.0512 1.5748, 0.1673 -0.5394 1.5748, 0.0295 -0.5394 1.5748, 0.1673 1.626 1.5748, 0.0295 1.626 1.5748, 0.1673 1.0354 1.5748, 0.0295 1.0354 1.5748, 2.0488 -1.8779 1.3544, 2.0542 -1.9359 1.3429, 0.3051 -1.9359 1.3429, 2.2031 -2.256 1.0236, 0.3051 -2.256 1.0236, 0.3051 -2.2106 1.1326, 2.1523 -2.2106 1.1326, 0.3051 -2.1386 1.2261, 2.1087 -2.1386 1.2261, 0.3051 -2.0449 1.2978, 2.063 -1.9919 1.3239, 2.0752 -2.0449 1.2978, 2.0905 -2.0941 1.265, 2.047 -1.8189 1.3583, 0.3051 -1.8189 1.3583, 2.0488 -1.7599 1.3544, 0.3051 -1.7019 1.3429, 2.0542 -1.7019 1.3429, 2.063 -1.6459 1.3239, 0.3051 -1.5928 1.2978, 2.0752 -1.5928 1.2978, 2.0905 -1.5437 1.265, 0.3051 -1.4992 1.2261, 2.1087 -1.4992 1.2261, 0.3051 -1.4272 1.1326, 2.1523 -1.4272 1.1326, 0.3051 -1.3818 1.0236, 2.2031 -1.3818 1.0236, -1.6634 1.626 1.2487, 0.1673 1.626 1.2487, 0.1673 1.5568 1.2978, -1.7421 1.7678 1.0236, -1.6634 1.7678 1.0236, -1.7421 1.7224 1.1326, -1.6634 1.7224 1.1326, -1.7421 1.6505 1.2261, -1.6634 1.6505 1.2261, -1.7421 1.5568 1.2978, -1.6634 0.8936 1.0236, -1.7421 0.8936 1.0236, -1.6634 0.939 1.1326, -1.7421 0.939 1.1326, -1.6634 1.011 1.2261, -1.7421 1.011 1.2261, -1.6634 1.0354 1.2487, -1.7421 1.1047 1.2978, 0.1673 1.0354 1.2487, -1.7421 1.4477 1.3429, 0.1673 1.4477 1.3429, -1.7421 1.3307 1.3583, 0.1673 1.3307 1.3583, -1.7421 1.2137 1.3429, 0.1673 1.2137 1.3429, 0.1673 1.1047 1.2978, -1.6634 0.0512 1.2487, 0.1673 0.0512 1.2487, 0.1673 -0.018 1.2978, -1.7421 0.193 1.0236, -1.6634 0.193 1.0236, -1.7421 0.1476 1.1326, -1.6634 0.1476 1.1326, -1.7421 0.0756 1.2261, -1.6634 0.0756 1.2261, -1.7421 -0.018 1.2978, -1.6634 -0.6812 1.0236, -1.7421 -0.6812 1.0236, -1.6634 -0.6358 1.1326, -1.7421 -0.6358 1.1326, -1.6634 -0.5638 1.2261, -1.7421 -0.5638 1.2261, -1.6634 -0.5394 1.2487, -1.7421 -0.4701 1.2978, 0.1673 -0.5394 1.2487, -1.7421 -0.1271 1.3429, 0.1673 -0.1271 1.3429, -1.7421 -0.2441 1.3583, 0.1673 -0.2441 1.3583, -1.7421 -0.3611 1.3429, 0.1673 -0.3611 1.3429, 0.1673 -0.4701 1.2978, -0.1673 -1.5236 1.7717, -1.1516 -1.5236 1.7717, -0.1673 -2.1142 1.7717, -1.1516 -2.1142 1.7717, -1.1516 -2.3898 1.7717, -0.1673 -2.3898 1.7717, -0.1673 -0.815 1.7717, -1.1516 -0.815 1.7717, -0.1673 -1.248 1.7717, -1.1516 -1.248 1.7717, -0.1673 0.0512 1.7717, -1.1516 0.0512 1.7717, -0.1673 -0.5394 1.7717, -1.1516 -0.5394 1.7717, -0.1673 0.7598 1.7717, -1.1516 0.7598 1.7717, -0.1673 0.3268 1.7717, -1.1516 0.3268 1.7717, -0.1673 1.626 1.7717, -1.1516 1.626 1.7717, -0.1673 1.0354 1.7717, -1.1516 1.0354 1.7717, 0.0295 -2.1142 1.5748, 0.0295 -1.5236 1.5748, -1.6634 1.7678 0.7874, -1.7421 1.7678 0.7874, -1.6634 1.7224 0.6785, -1.7421 1.7224 0.6785, -1.6634 1.656 0.5906, -1.7421 1.6505 0.585, 0.3051 1.656 0.5906, 2.4076 1.6505 0.585, 2.364 1.7224 0.6785, 0.3051 1.7224 0.6785, 2.3132 1.7678 0.7874, 0.3051 1.7678 0.7874, 2.4258 1.606 0.546, -1.7421 1.5568 0.5132, 2.4411 1.5568 0.5132, 2.4532 1.5037 0.4871, -1.7421 1.4477 0.4681, 2.4621 1.4477 0.4681, 2.4675 1.3897 0.4566, -1.7421 1.3307 0.4528, 2.4693 1.3307 0.4528, 2.4675 1.2717 0.4566, -1.7421 1.2137 0.4681, 2.4621 1.2137 0.4681, 2.4532 1.1577 0.4871, -1.7421 1.1047 0.5132, 2.4411 1.1047 0.5132, 2.4258 1.0555 0.546, -1.7421 1.011 0.585, 2.4076 1.011 0.585, 0.3051 1.0055 0.5906, 2.364 0.939 0.6785, 0.3051 0.939 0.6785, 0.3051 0.8936 0.7874, 2.3132 0.8936 0.7874, -1.7421 0.8936 0.7874, -1.6634 0.8936 0.7874, -1.7421 0.939 0.6785, -1.6634 0.939 0.6785, -1.6634 1.0055 0.5906, -1.6634 0.193 0.7874, -1.7421 0.193 0.7874, -1.6634 0.1476 0.6785, -1.7421 0.1476 0.6785, -1.6634 0.0812 0.5906, -1.7421 0.0756 0.585, 0.3051 0.0812 0.5906, 2.4076 0.0756 0.585, 2.364 0.1476 0.6785, 0.3051 0.1476 0.6785, 2.3132 0.193 0.7874, 0.3051 0.193 0.7874, 2.4258 0.0311 0.546, -1.7421 -0.018 0.5132, 2.4411 -0.018 0.5132, 2.4532 -0.0711 0.4871, -1.7421 -0.1271 0.4681, 2.4621 -0.1271 0.4681, 2.4675 -0.1851 0.4566, -1.7421 -0.2441 0.4528, 2.4693 -0.2441 0.4528, 2.4675 -0.3031 0.4566, -1.7421 -0.3611 0.4681, 2.4621 -0.3611 0.4681, 2.4532 -0.4171 0.4871, -1.7421 -0.4701 0.5132, 2.4411 -0.4701 0.5132, 2.4258 -0.5193 0.546, -1.7421 -0.5638 0.585, 2.4076 -0.5638 0.585, 0.3051 -0.5693 0.5906, 2.364 -0.6358 0.6785, 0.3051 -0.6358 0.6785, 0.3051 -0.6812 0.7874, 2.3132 -0.6812 0.7874, -1.7421 -0.6812 0.7874, -1.6634 -0.6812 0.7874, -1.7421 -0.6358 0.6785, -1.6634 -0.6358 0.6785, -1.6634 -0.5693 0.5906, -1.6634 -1.3818 0.7874, -1.7421 -1.3818 0.7874, -1.6634 -1.4272 0.6785, -1.7421 -1.4272 0.6785, -1.6634 -1.4936 0.5906, -1.7421 -1.4992 0.585, 0.3051 -1.4936 0.5906, 2.4076 -1.4992 0.585, 2.364 -1.4272 0.6785, 0.3051 -1.4272 0.6785, 2.3132 -1.3818 0.7874, 0.3051 -1.3818 0.7874, 2.4258 -1.5437 0.546, -1.7421 -1.5928 0.5132, 2.4411 -1.5928 0.5132, 2.4532 -1.6459 0.4871, -1.7421 -1.7019 0.4681, 2.4621 -1.7019 0.4681, 2.4675 -1.7599 0.4566, -1.7421 -1.8189 0.4528, 2.4693 -1.8189 0.4528, 2.4675 -1.8779 0.4566, -1.7421 -1.9359 0.4681, 2.4621 -1.9359 0.4681, 2.4532 -1.9919 0.4871, -1.7421 -2.0449 0.5132, 2.4411 -2.0449 0.5132, 2.4258 -2.0941 0.546, -1.7421 -2.1386 0.585, 2.4076 -2.1386 0.585, 0.3051 -2.1441 0.5906, 2.364 -2.2106 0.6785, 0.3051 -2.2106 0.6785, 0.3051 -2.256 0.7874, 2.3132 -2.256 0.7874, -1.7421 -2.256 0.7874, -1.6634 -2.256 0.7874, -1.7421 -2.2106 0.6785, -1.6634 -2.2106 0.6785, -1.6634 -2.1441 0.5906, -1.1516 2.0984 1.7717, -0.1673 2.0984 1.7717, 2.1949 2.0984 0.7155, 1.999 2.0984 1.4611, 2.3467 2.0984 0.7155, 1.8649 2.0984 1.5698, 1.9069 2.0984 1.5549, -1.939 2.0984 0.9843, -1.9238 2.0984 1.1379, 1.9445 2.0984 1.5309, 1.9757 2.0984 1.4991, -1.879 2.0984 1.2856, -1.8063 2.0984 1.4217, -1.7084 2.0984 1.541, -1.589 2.0984 1.639, -1.4529 2.0984 1.7117, -1.3052 2.0984 1.7565, -1.939 1.6063 0.0984, -1.939 1.0551 0.0984, -1.939 0.0315 0.0984, -1.939 -0.5197 0.0984, -1.939 -1.5433 0.0984, -1.939 -2.0945 0.0984, -0.1673 1.9016 1.7717, -1.1516 1.9016 1.7717, 0.1673 -1.5236 1.5748, 0.1673 -2.1142 1.5748, -1.6634 -1.5236 1.5826, -1.6634 -1.248 1.5826, -1.589 -2.3898 1.639, -1.6634 -2.3898 1.5826, -1.6634 -2.1142 1.5826, -1.589 1.626 1.639, -1.6634 1.626 1.5826, -1.6634 1.0354 1.5826, -1.6634 0.0512 1.5826, -1.6634 0.3268 1.5826, -1.589 0.0512 1.639, -1.6634 -0.5394 1.5826, -1.6634 -0.815 1.5826, -1.589 -0.815 1.639, -1.6634 0.7598 1.5826, -1.589 0.7598 1.639, -1.6634 1.9016 1.5826, -1.4529 -2.3898 1.7117, -1.3052 -2.3898 1.7565, -1.589 1.9016 1.639, -1.4529 1.9016 1.7117, -1.3052 1.9016 1.7565, -1.589 1.0354 1.639, -1.4529 1.0354 1.7117, -1.4529 1.626 1.7117, -1.3052 1.0354 1.7565, -1.3052 1.626 1.7565, -1.589 0.3268 1.639, -1.4529 0.3268 1.7117, -1.4529 0.7598 1.7117, -1.3052 0.3268 1.7565, -1.3052 0.7598 1.7565, -1.589 -0.5394 1.639, -1.4529 -0.5394 1.7117, -1.4529 0.0512 1.7117, -1.3052 -0.5394 1.7565, -1.3052 0.0512 1.7565, -1.589 -1.248 1.639, -1.4529 -1.248 1.7117, -1.4529 -0.815 1.7117, -1.3052 -1.248 1.7565, -1.3052 -0.815 1.7565, -1.589 -2.1142 1.639, -1.589 -1.5236 1.639, -1.4529 -2.1142 1.7117, -1.4529 -1.5236 1.7117, -1.3052 -2.1142 1.7565, -1.3052 -1.5236 1.7565, 2.2031 0.7205 1.0236, 2.2031 0.8936 1.0236, 2.1523 0.939 1.1326, 2.3132 1.9409 0.7874, 2.3132 0.3661 0.7874, 2.2031 -0.8543 1.0236, 2.2031 -0.6812 1.0236, 2.1523 -0.6358 1.1326, 2.2031 -2.4291 1.0236, 2.3132 -1.2087 0.7874, 2.2031 1.9409 1.0236, 2.3467 2.0338 0.7155, 2.3818 2.009 0.6402, 2.4473 1.9357 0.4999, 2.4155 1.9762 0.5681, 2.3467 0.6276 0.7155, 2.2031 0.3661 1.0236, 2.3467 0.459 0.7155, 2.3818 0.4342 0.6402, 2.4473 0.3609 0.4999, 2.4155 0.4014 0.5681, 2.0752 1.1047 1.2978, 2.0905 1.0555 1.265, 2.1087 1.011 1.2261, 2.4155 0.6853 0.5681, 2.4473 0.7258 0.4999, 2.3132 0.7205 0.7874, 2.4155 -2.4643 0.5681, 2.4473 -2.4238 0.4999, 2.3132 -2.4291 0.7874, 2.1523 1.7224 1.1326, 2.2031 1.7678 1.0236, 2.3467 -0.9472 0.7155, 2.2031 -1.2087 1.0236, 2.3467 -1.1158 0.7155, 2.3818 -1.1406 0.6402, 2.4473 -1.2139 0.4999, 2.4155 -1.1734 0.5681, 2.1087 -0.5638 1.2261, 2.0905 -0.5193 1.265, 2.3818 0.6524 0.6402, 2.3818 -2.4972 0.6402, 2.3467 -2.522 0.7155, 2.063 1.1577 1.3239, 2.1523 0.1476 1.1326, 2.2031 0.193 1.0236, 2.4155 -0.8895 0.5681, 2.4473 -0.849 0.4999, 2.3132 -0.8543 0.7874, 2.3818 -0.9224 0.6402, 2.566 1.6381 0.2452, 2.5486 1.708 0.2825, 2.566 0.0633 0.2452, 2.5486 0.1332 0.2825, 2.0752 -0.4701 1.2978, 2.063 -0.4171 1.3239, 2.0542 -0.3611 1.3429, 2.0488 -0.3031 1.3544, 2.566 -1.5115 0.2452, 2.5486 -1.4416 0.2825, 2.5278 1.7735 0.3272, 2.5038 1.8337 0.3788, 2.4768 1.888 0.4366, 2.566 1.0234 0.2452, 2.5486 0.9534 0.2825, 2.5278 0.8879 0.3272, 2.5038 0.8277 0.3788, 2.4768 0.7734 0.4366, 2.5278 0.1987 0.3272, 2.5038 0.2589 0.3788, 2.4768 0.3132 0.4366, 2.566 -2.1262 0.2452, 2.5486 -2.1962 0.2825, 2.5278 -2.2617 0.3272, 2.5038 -2.3219 0.3788, 2.4768 -2.3762 0.4366, 2.0488 1.2717 1.3544, 2.047 1.3307 1.3583, 2.0488 1.3897 1.3544, 2.566 -0.5514 0.2452, 2.5486 -0.6214 0.2825, 2.5278 -0.6869 0.3272, 2.5038 -0.7471 0.3788, 2.4768 -0.8014 0.4366, 2.5278 -1.3761 0.3272, 2.5038 -1.3159 0.3788, 2.4768 -1.2616 0.4366, 2.047 -0.2441 1.3583, 2.0488 -0.1851 1.3544, 2.0542 -0.1271 1.3429, 2.063 -0.0711 1.3239, 2.0752 -0.018 1.2978, 2.0542 1.2137 1.3429, 2.1087 0.0756 1.2261, 2.0905 0.0311 1.265, 2.0542 1.4477 1.3429, 2.063 1.5037 1.3239, 2.0752 1.5568 1.2978, 2.0905 1.606 1.265, 2.1087 1.6505 1.2261, -1.6634 -1.5236 1.2487, 0.1673 -1.5236 1.2487, 0.1673 -1.5928 1.2978, -1.7421 -1.3818 1.0236, -1.6634 -1.3818 1.0236, -1.7421 -1.4272 1.1326, -1.6634 -1.4272 1.1326, -1.7421 -1.4992 1.2261, -1.6634 -1.4992 1.2261, -1.7421 -1.5928 1.2978, -1.6634 -2.256 1.0236, -1.7421 -2.256 1.0236, -1.6634 -2.2106 1.1326, -1.7421 -2.2106 1.1326, -1.6634 -2.1386 1.2261, -1.7421 -2.1386 1.2261, -1.6634 -2.1142 1.2487, -1.7421 -2.0449 1.2978, 0.1673 -2.1142 1.2487, -1.7421 -1.7019 1.3429, 0.1673 -1.7019 1.3429, -1.7421 -1.8189 1.3583, 0.1673 -1.8189 1.3583, -1.7421 -1.9359 1.3429, 0.1673 -1.9359 1.3429, 0.1673 -2.0449 1.2978, -1.7421 -1.2087 0.7874, -1.7421 -1.2087 1.0236, -1.7421 -2.4291 1.0236, -1.7421 -2.4291 0.7874, -1.6634 -1.248 1.0236, 0.3051 -1.248 1.0236, 0.3051 -1.248 0.7874, -1.6634 -1.248 0.7874, -1.6634 -2.3898 0.7874, 0.3051 -2.3898 0.7874, 0.3051 -2.3898 1.0236, -1.6634 -2.3898 1.0236, 0.3051 1.2137 1.3429, 0.3051 0.8936 1.0236, 0.3051 0.939 1.1326, 0.3051 1.011 1.2261, 0.3051 1.1047 1.2978, 0.3051 1.3307 1.3583, 0.3051 1.4477 1.3429, 0.3051 1.5568 1.2978, 0.3051 1.6505 1.2261, 0.3051 1.7224 1.1326, 0.3051 1.7678 1.0236, -1.7421 1.9409 0.7874, -1.7421 1.9409 1.0236, -1.7421 0.7205 1.0236, -1.7421 0.7205 0.7874, 0.3051 -0.3611 1.3429, 0.3051 -0.6812 1.0236, 0.3051 -0.6358 1.1326, 0.3051 -0.5638 1.2261, 0.3051 -0.4701 1.2978, 0.3051 -0.2441 1.3583, 0.3051 -0.1271 1.3429, 0.3051 -0.018 1.2978, 0.3051 0.0756 1.2261, 0.3051 0.1476 1.1326, 0.3051 0.193 1.0236, -1.7421 0.3661 0.7874, -1.7421 0.3661 1.0236, -1.7421 -0.8543 1.0236, -1.7421 -0.8543 0.7874, -1.6634 0.3268 1.0236, 0.3051 0.3268 1.0236, 0.3051 0.3268 0.7874, -1.6634 0.3268 0.7874, -1.6634 -0.815 0.7874, 0.3051 -0.815 0.7874, 0.3051 -0.815 1.0236, -1.6634 -0.815 1.0236, -1.6634 1.9016 1.0236, 0.3051 1.9016 1.0236, 0.3051 1.9016 0.7874, -1.6634 1.9016 0.7874, -1.6634 0.7598 0.7874, 0.3051 0.7598 0.7874, 0.3051 0.7598 1.0236, -1.6634 0.7598 1.0236, -1.6634 0.7598 0.5906, 0.3051 0.7598 0.5906, 0.3051 1.9016 0.5906, -1.6634 1.9016 0.5906, -1.6634 -0.815 0.5906, 0.3051 -0.815 0.5906, 0.3051 0.3268 0.5906, -1.6634 0.3268 0.5906, 0.3051 -2.3898 0.5906, -1.6634 -2.3898 0.5906, 0.3051 -1.248 0.5906, -1.6634 -1.248 0.5906, 2.1949 -2.0945 0.0984, 2.1949 -0.8895 0.5681, 2.1949 -0.9472 0.7155, 2.1949 -1.5433 0.0984, 2.1949 0.6853 0.5681, 2.1949 0.6276 0.7155, 2.1949 0.0315 0.0984, 2.1949 -0.8014 0.4366, 2.1949 0.7734 0.4366, 2.1949 -2.522 0.7155, 2.1949 -2.4643 0.5681, 2.1949 -0.5197 0.0984, 2.1949 1.0551 0.0984, 2.1949 2.0338 0.7155, 2.1949 -0.6869 0.3272, 2.1949 -0.5514 0.2452, 2.1949 1.6381 0.2452, 2.1949 1.6063 0.0984, 2.1949 1.7735 0.3272, 2.1949 1.888 0.4366, 2.1949 0.459 0.7155, 2.1949 0.4014 0.5681, 2.1949 0.3132 0.4366, 2.1949 0.1987 0.3272, 2.1949 0.0633 0.2452, 2.1949 0.8879 0.3272, 2.1949 1.0234 0.2452, 2.1949 1.9762 0.5681, 2.1949 -1.1158 0.7155, 2.1949 -1.1734 0.5681, 2.1949 -1.2616 0.4366, 2.1949 -1.3761 0.3272, 2.1949 -1.5115 0.2452, 2.1949 -1.6615 0.1944, 2.1949 -1.8189 0.1772, 2.1949 -1.9763 0.1944, 2.1949 -0.0867 0.1944, 2.1949 -0.2441 0.1772, 2.1949 -0.4015 0.1944, 2.1949 -2.1262 0.2452, 2.1949 -2.2617 0.3272, 2.1949 -2.3762 0.4366, 2.1949 1.4881 0.1944, 2.1949 1.3307 0.1772, 2.1949 1.1733 0.1944
            ]
        }
        coordIndex [
            0,1,2,-1,3,4,5,-1,6,7,8,-1,9,10,11,-1,12,13,14,-1,15,16,17,-1,18,19,20,-1,21,22,23,-1,24,25,26,-1,27,28,29,-1,30,31,32,-1,32,31,3,-1,33,34,32,-1,32,34,35,-1,35,36,32,-1,32,36,37,-1,32,37,30,-1,38,39,40,-1,41,42,39,-1,39,42,43,-1,39,43,40,-1,44,45,41,-1,41,45,46,-1,41,46,42,-1,47,48,49,-1,49,48,50,-1,49,50,44,-1,44,50,51,-1,44,51,45,-1,52,53,54,-1,55,38,54,-1,53,56,54,-1,54,56,57,-1,54,57,55,-1,55,57,58,-1,55,58,59,-1,59,58,60,-1,59,60,61,-1,29,28,62,-1,28,63,62,-1,62,63,64,-1,62,64,54,-1,54,64,65,-1,54,65,52,-1,66,67,68,-1,67,69,68,-1,68,69,70,-1,68,70,71,-1,71,72,68,-1,68,72,73,-1,68,73,29,-1,29,73,74,-1,29,74,27,-1,75,76,77,-1,77,76,78,-1,77,78,68,-1,68,78,79,-1,68,79,66,-1,80,81,82,-1,82,81,83,-1,83,84,82,-1,82,84,85,-1,82,85,77,-1,77,85,86,-1,77,86,75,-1,0,87,1,-1,1,87,88,-1,1,88,89,-1,89,90,1,-1,1,90,91,-1,1,91,92,-1,93,94,0,-1,93,0,95,-1,96,97,98,-1,98,97,99,-1,100,101,97,-1,97,101,102,-1,97,102,103,-1,104,105,106,-1,106,105,107,-1,108,109,87,-1,87,109,110,-1,87,110,111,-1,112,113,114,-1,114,113,115,-1,114,115,116,-1,117,103,118,-1,118,103,119,-1,118,119,114,-1,114,119,120,-1,114,120,112,-1,121,122,4,-1,4,122,123,-1,4,123,0,-1,0,123,124,-1,0,124,95,-1,94,125,0,-1,0,125,126,-1,0,126,87,-1,87,126,127,-1,87,127,108,-1,117,128,103,-1,103,128,129,-1,103,129,97,-1,97,129,130,-1,97,130,99,-1,104,131,105,-1,105,131,132,-1,105,132,133,-1,134,135,136,-1,136,135,137,-1,136,137,105,-1,105,137,138,-1,105,138,107,-1,111,139,87,-1,87,139,140,-1,87,140,141,-1,141,140,134,-1,141,134,142,-1,142,134,136,-1,143,144,105,-1,105,144,145,-1,105,145,97,-1,97,145,146,-1,97,146,100,-1,133,147,105,-1,105,147,148,-1,105,148,149,-1,149,150,105,-1,105,150,151,-1,105,151,143,-1,152,153,154,-1,154,103,152,-1,152,103,102,-1,152,102,155,-1,155,102,156,-1,156,157,155,-1,155,157,158,-1,155,158,159,-1,160,161,162,-1,163,164,161,-1,164,165,161,-1,161,165,166,-1,161,166,167,-1,162,168,160,-1,160,168,169,-1,160,169,170,-1,153,152,160,-1,160,152,171,-1,160,171,161,-1,161,171,172,-1,161,172,163,-1,167,173,161,-1,161,173,174,-1,161,174,175,-1,175,174,176,-1,175,176,177,-1,177,176,178,-1,179,180,170,-1,170,180,181,-1,170,181,160,-1,31,182,3,-1,3,182,183,-1,3,183,4,-1,4,183,184,-1,4,184,121,-1,185,186,187,-1,187,186,188,-1,185,189,190,-1,190,189,191,-1,192,193,194,-1,194,193,195,-1,195,193,196,-1,196,193,185,-1,196,185,197,-1,197,185,190,-1,197,190,26,-1,26,190,198,-1,26,198,24,-1,186,199,188,-1,188,199,200,-1,188,200,201,-1,201,200,202,-1,203,204,205,-1,205,204,206,-1,207,208,209,-1,209,208,210,-1,209,210,211,-1,212,213,214,-1,215,216,217,-1,218,219,212,-1,212,219,220,-1,212,220,221,-1,203,222,204,-1,204,222,223,-1,204,223,224,-1,224,223,217,-1,224,217,225,-1,225,217,216,-1,221,226,212,-1,212,226,227,-1,212,227,213,-1,228,229,230,-1,230,229,231,-1,230,231,232,-1,233,234,235,-1,235,234,236,-1,237,238,209,-1,209,238,239,-1,209,239,207,-1,228,240,229,-1,229,240,241,-1,229,241,242,-1,242,241,211,-1,242,211,22,-1,243,244,245,-1,214,246,212,-1,212,246,247,-1,212,247,234,-1,234,247,206,-1,234,206,236,-1,236,206,204,-1,248,249,217,-1,217,249,250,-1,217,250,251,-1,244,252,245,-1,245,252,253,-1,245,253,254,-1,233,255,234,-1,234,255,256,-1,234,256,257,-1,251,258,217,-1,217,258,259,-1,217,259,215,-1,240,260,241,-1,241,260,261,-1,241,261,253,-1,253,261,262,-1,253,262,254,-1,21,23,263,-1,263,23,264,-1,263,264,265,-1,266,267,20,-1,268,269,20,-1,268,20,270,-1,271,272,273,-1,273,272,274,-1,273,274,275,-1,269,276,20,-1,20,276,277,-1,20,277,18,-1,275,278,273,-1,273,278,279,-1,273,279,280,-1,280,279,281,-1,280,281,266,-1,282,283,267,-1,267,283,284,-1,267,284,20,-1,20,284,285,-1,20,285,270,-1,286,287,288,-1,288,287,289,-1,288,289,290,-1,288,291,286,-1,286,291,292,-1,286,292,293,-1,293,294,286,-1,286,294,295,-1,286,295,296,-1,296,295,297,-1,296,297,298,-1,298,297,299,-1,298,299,267,-1,267,299,300,-1,267,300,282,-1,301,302,290,-1,290,302,303,-1,290,303,288,-1,304,305,232,-1,232,305,306,-1,232,306,230,-1,304,307,305,-1,305,307,308,-1,305,308,309,-1,309,308,310,-1,309,311,312,-1,310,313,309,-1,309,313,314,-1,309,314,315,-1,315,316,309,-1,309,316,317,-1,309,317,311,-1,312,318,309,-1,309,318,319,-1,309,319,320,-1,321,322,323,-1,324,325,326,-1,326,325,327,-1,326,327,328,-1,325,329,327,-1,327,329,330,-1,327,330,331,-1,331,330,332,-1,331,332,333,-1,333,332,334,-1,333,334,335,-1,335,334,336,-1,335,336,337,-1,338,339,340,-1,341,342,343,-1,338,340,344,-1,344,340,345,-1,344,345,343,-1,343,345,346,-1,343,346,341,-1,347,348,331,-1,349,350,333,-1,348,351,331,-1,331,351,352,-1,331,352,338,-1,338,352,353,-1,338,353,339,-1,349,333,354,-1,341,355,342,-1,342,355,356,-1,342,356,333,-1,333,356,357,-1,333,357,354,-1,350,358,333,-1,333,358,359,-1,333,359,331,-1,331,359,360,-1,331,360,347,-1,343,361,362,-1,362,361,363,-1,362,364,343,-1,343,364,365,-1,343,365,344,-1,344,365,366,-1,344,366,367,-1,368,369,370,-1,370,369,371,-1,371,369,372,-1,372,369,365,-1,372,365,373,-1,373,365,364,-1,373,364,17,-1,17,364,374,-1,17,374,15,-1,363,361,375,-1,375,361,376,-1,375,376,377,-1,38,40,54,-1,54,40,378,-1,54,378,379,-1,380,12,335,-1,381,380,323,-1,323,380,335,-1,323,335,321,-1,321,335,337,-1,321,337,382,-1,381,383,380,-1,380,383,384,-1,380,384,385,-1,385,384,386,-1,337,328,382,-1,382,328,327,-1,382,327,387,-1,388,389,187,-1,390,391,392,-1,185,187,189,-1,189,187,389,-1,189,389,393,-1,387,189,394,-1,394,189,395,-1,392,396,390,-1,390,396,397,-1,390,397,398,-1,391,390,399,-1,399,390,395,-1,399,395,400,-1,401,402,395,-1,395,402,403,-1,395,403,400,-1,393,404,189,-1,189,404,405,-1,189,405,395,-1,395,405,406,-1,395,406,401,-1,387,394,407,-1,407,394,408,-1,407,408,409,-1,390,407,410,-1,410,407,409,-1,410,409,411,-1,411,409,412,-1,398,413,390,-1,390,413,388,-1,390,388,407,-1,407,388,187,-1,407,187,414,-1,415,414,416,-1,417,418,376,-1,366,419,367,-1,367,419,377,-1,367,377,11,-1,11,377,376,-1,11,376,420,-1,420,376,418,-1,9,11,421,-1,422,423,420,-1,420,423,424,-1,420,424,11,-1,11,424,425,-1,11,425,421,-1,426,427,428,-1,429,430,420,-1,420,430,431,-1,420,431,432,-1,432,433,420,-1,420,433,434,-1,420,434,422,-1,435,436,437,-1,437,436,438,-1,428,439,426,-1,426,439,440,-1,426,440,441,-1,441,440,438,-1,441,438,442,-1,442,438,436,-1,427,426,420,-1,420,426,443,-1,420,443,429,-1,7,444,445,-1,445,444,446,-1,446,444,447,-1,446,447,448,-1,8,449,450,-1,450,451,8,-1,8,451,452,-1,8,452,6,-1,453,454,8,-1,8,454,455,-1,8,455,449,-1,456,457,458,-1,458,457,459,-1,458,459,453,-1,453,459,460,-1,453,460,454,-1,461,462,463,-1,463,462,464,-1,465,466,234,-1,234,466,467,-1,234,467,463,-1,463,467,468,-1,463,468,461,-1,243,245,257,-1,257,245,271,-1,257,271,234,-1,234,271,273,-1,234,273,465,-1,22,211,23,-1,23,211,210,-1,23,210,264,-1,264,210,469,-1,264,469,218,-1,218,469,470,-1,218,470,219,-1,471,472,473,-1,191,189,474,-1,474,189,475,-1,474,475,202,-1,202,475,473,-1,202,473,201,-1,201,473,472,-1,201,472,476,-1,477,478,479,-1,473,480,471,-1,471,480,481,-1,471,481,482,-1,482,481,477,-1,482,477,483,-1,483,477,479,-1,484,485,20,-1,20,485,486,-1,266,20,280,-1,280,20,486,-1,280,486,480,-1,480,486,487,-1,480,487,481,-1,488,485,489,-1,489,485,484,-1,489,484,490,-1,491,492,493,-1,265,264,19,-1,19,264,491,-1,19,491,20,-1,20,491,493,-1,20,493,484,-1,484,493,494,-1,484,494,495,-1,495,496,484,-1,484,496,497,-1,484,497,498,-1,499,500,501,-1,501,500,502,-1,501,502,491,-1,491,502,503,-1,491,503,492,-1,498,504,484,-1,484,504,505,-1,484,505,490,-1,506,507,508,-1,508,507,509,-1,508,509,501,-1,501,509,510,-1,501,510,499,-1,511,82,512,-1,512,82,77,-1,512,77,513,-1,513,77,68,-1,513,68,514,-1,514,68,29,-1,514,29,515,-1,515,29,62,-1,515,62,516,-1,516,62,54,-1,516,54,517,-1,517,54,379,-1,518,453,32,-1,518,519,453,-1,453,519,520,-1,453,520,458,-1,458,520,521,-1,458,521,522,-1,5,458,3,-1,3,458,522,-1,3,522,32,-1,32,522,523,-1,32,523,518,-1,524,525,5,-1,524,526,525,-1,525,526,527,-1,525,527,528,-1,529,530,531,-1,531,530,526,-1,531,526,532,-1,532,526,524,-1,532,524,533,-1,533,524,534,-1,2,525,0,-1,0,525,528,-1,0,528,4,-1,4,528,535,-1,4,535,5,-1,5,535,536,-1,5,536,524,-1,7,445,8,-1,8,445,537,-1,8,537,453,-1,453,537,48,-1,453,48,32,-1,32,48,47,-1,32,47,33,-1,2,218,525,-1,525,218,212,-1,525,212,5,-1,5,212,234,-1,5,234,458,-1,458,234,463,-1,458,463,456,-1,456,463,464,-1,12,14,335,-1,335,14,538,-1,335,538,333,-1,333,538,539,-1,333,539,342,-1,342,539,540,-1,342,540,343,-1,343,540,541,-1,343,541,361,-1,361,541,446,-1,361,446,376,-1,376,446,448,-1,376,448,417,-1,387,327,189,-1,189,327,331,-1,189,331,475,-1,475,331,338,-1,475,338,473,-1,473,338,344,-1,473,344,480,-1,480,344,367,-1,480,367,280,-1,280,367,11,-1,280,11,273,-1,273,11,10,-1,273,10,465,-1,414,187,416,-1,416,187,188,-1,416,188,542,-1,542,188,201,-1,542,201,508,-1,508,201,476,-1,508,476,506,-1,415,416,543,-1,543,416,542,-1,543,542,544,-1,544,542,508,-1,544,508,545,-1,545,508,501,-1,545,501,546,-1,546,501,491,-1,546,491,547,-1,547,491,264,-1,547,264,548,-1,548,264,218,-1,548,218,549,-1,549,218,2,-1,549,2,550,-1,550,2,1,-1,550,1,80,-1,80,1,92,-1,80,92,81,-1,551,552,553,-1,553,552,554,-1,553,554,555,-1,556,557,558,-1,558,557,559,-1,558,559,560,-1,561,562,563,-1,563,562,564,-1,563,564,565,-1,566,415,567,-1,567,415,543,-1,567,543,568,-1,511,569,82,-1,82,569,570,-1,571,572,573,-1,573,572,574,-1,575,576,577,-1,578,579,580,-1,581,582,583,-1,583,582,584,-1,584,585,575,-1,580,568,578,-1,578,568,543,-1,578,543,574,-1,574,543,544,-1,574,544,573,-1,573,544,545,-1,573,545,546,-1,584,575,583,-1,583,575,577,-1,583,577,570,-1,570,577,573,-1,570,573,82,-1,586,587,588,-1,588,587,575,-1,588,575,589,-1,589,575,585,-1,589,585,590,-1,590,585,591,-1,546,547,573,-1,573,547,548,-1,573,548,549,-1,549,550,573,-1,573,550,80,-1,573,80,82,-1,592,593,594,-1,595,596,597,-1,597,596,598,-1,594,599,592,-1,592,599,600,-1,592,600,601,-1,601,600,602,-1,601,602,603,-1,604,12,605,-1,605,12,380,-1,605,380,598,-1,598,380,600,-1,598,600,597,-1,597,600,599,-1,606,607,608,-1,608,607,609,-1,610,611,612,-1,612,611,613,-1,614,615,616,-1,617,618,619,-1,617,619,620,-1,620,619,621,-1,620,621,622,-1,616,615,623,-1,615,624,623,-1,623,624,625,-1,623,625,621,-1,621,625,626,-1,621,626,622,-1,614,616,627,-1,627,616,628,-1,627,628,629,-1,629,628,630,-1,629,630,631,-1,631,630,632,-1,632,630,633,-1,632,633,634,-1,634,633,635,-1,635,633,636,-1,635,636,637,-1,637,636,638,-1,637,638,639,-1,639,638,640,-1,639,640,641,-1,642,643,644,-1,645,646,647,-1,647,646,648,-1,647,648,649,-1,649,648,650,-1,649,650,651,-1,652,653,654,-1,654,653,655,-1,654,655,656,-1,656,655,657,-1,656,657,658,-1,658,657,659,-1,658,659,660,-1,650,642,651,-1,651,642,644,-1,651,644,661,-1,661,644,662,-1,661,662,663,-1,663,662,664,-1,663,664,665,-1,665,664,666,-1,665,666,659,-1,659,666,667,-1,659,667,660,-1,668,669,670,-1,671,672,673,-1,673,672,674,-1,673,674,675,-1,675,674,676,-1,675,676,677,-1,678,679,680,-1,680,679,681,-1,680,681,682,-1,682,681,683,-1,682,683,684,-1,684,683,685,-1,684,685,686,-1,676,668,677,-1,677,668,670,-1,677,670,687,-1,687,670,688,-1,687,688,689,-1,689,688,690,-1,689,690,691,-1,691,690,692,-1,691,692,685,-1,685,692,693,-1,685,693,686,-1,694,695,696,-1,696,695,697,-1,698,50,48,-1,48,537,698,-1,698,537,445,-1,698,445,699,-1,699,445,446,-1,446,541,699,-1,699,541,540,-1,699,540,539,-1,539,538,699,-1,699,538,14,-1,699,14,13,-1,700,701,702,-1,702,701,703,-1,704,705,706,-1,706,705,707,-1,708,709,710,-1,710,709,711,-1,712,713,714,-1,714,713,715,-1,716,717,696,-1,696,717,694,-1,699,13,604,-1,604,13,12,-1,596,595,702,-1,702,595,700,-1,609,607,706,-1,706,607,704,-1,594,593,710,-1,710,593,708,-1,613,611,714,-1,714,611,712,-1,718,719,720,-1,720,719,721,-1,720,721,722,-1,722,721,723,-1,722,723,724,-1,725,726,727,-1,727,726,728,-1,727,728,729,-1,727,724,725,-1,725,724,723,-1,725,723,730,-1,730,723,731,-1,730,731,732,-1,732,731,733,-1,733,731,734,-1,733,734,735,-1,735,734,736,-1,736,734,737,-1,736,737,738,-1,738,737,739,-1,739,737,740,-1,739,740,741,-1,741,740,742,-1,742,740,743,-1,742,743,744,-1,744,743,745,-1,745,743,746,-1,745,746,747,-1,747,746,748,-1,747,748,749,-1,748,750,749,-1,749,750,751,-1,749,751,752,-1,753,754,755,-1,755,754,756,-1,755,756,746,-1,746,756,757,-1,746,757,748,-1,758,759,760,-1,760,759,761,-1,760,761,762,-1,762,761,763,-1,762,763,764,-1,765,766,767,-1,767,766,768,-1,767,768,769,-1,767,764,765,-1,765,764,763,-1,765,763,770,-1,770,763,771,-1,770,771,772,-1,772,771,773,-1,773,771,774,-1,773,774,775,-1,775,774,776,-1,776,774,777,-1,776,777,778,-1,778,777,779,-1,779,777,780,-1,779,780,781,-1,781,780,782,-1,782,780,783,-1,782,783,784,-1,784,783,785,-1,785,783,786,-1,785,786,787,-1,787,786,788,-1,787,788,789,-1,788,790,789,-1,789,790,791,-1,789,791,792,-1,793,794,795,-1,795,794,796,-1,795,796,786,-1,786,796,797,-1,786,797,788,-1,798,799,800,-1,800,799,801,-1,800,801,802,-1,802,801,803,-1,802,803,804,-1,805,806,807,-1,807,806,808,-1,807,808,809,-1,807,804,805,-1,805,804,803,-1,805,803,810,-1,810,803,811,-1,810,811,812,-1,812,811,813,-1,813,811,814,-1,813,814,815,-1,815,814,816,-1,816,814,817,-1,816,817,818,-1,818,817,819,-1,819,817,820,-1,819,820,821,-1,821,820,822,-1,822,820,823,-1,822,823,824,-1,824,823,825,-1,825,823,826,-1,825,826,827,-1,827,826,828,-1,827,828,829,-1,828,830,829,-1,829,830,831,-1,829,831,832,-1,833,834,835,-1,835,834,836,-1,835,836,826,-1,826,836,837,-1,826,837,828,-1,838,839,602,-1,602,600,840,-1,840,600,841,-1,840,841,842,-1,600,843,844,-1,840,575,602,-1,602,575,587,-1,602,587,838,-1,838,587,845,-1,838,845,846,-1,844,847,600,-1,600,847,848,-1,600,848,841,-1,849,850,846,-1,846,850,851,-1,846,851,852,-1,852,853,846,-1,846,853,854,-1,846,854,838,-1,587,586,845,-1,845,586,855,-1,590,591,856,-1,856,591,857,-1,582,581,858,-1,858,581,859,-1,569,511,860,-1,860,511,512,-1,860,512,513,-1,855,856,845,-1,845,856,857,-1,845,857,517,-1,517,857,858,-1,517,858,516,-1,516,858,859,-1,516,859,515,-1,515,859,860,-1,515,860,514,-1,514,860,513,-1,839,838,861,-1,861,838,862,-1,863,717,864,-1,864,717,716,-1,603,602,861,-1,861,602,839,-1,865,866,851,-1,867,868,42,-1,42,868,869,-1,870,871,872,-1,873,874,851,-1,875,873,876,-1,876,873,851,-1,876,851,877,-1,877,851,866,-1,877,866,878,-1,872,851,879,-1,879,851,874,-1,879,874,880,-1,872,871,851,-1,851,871,881,-1,851,881,852,-1,42,46,867,-1,867,46,45,-1,867,45,882,-1,882,45,51,-1,882,51,883,-1,883,51,50,-1,883,50,698,-1,881,884,852,-1,852,884,885,-1,852,885,853,-1,853,885,886,-1,853,886,854,-1,854,886,862,-1,854,862,838,-1,872,887,870,-1,870,887,888,-1,870,888,889,-1,889,888,890,-1,889,890,891,-1,891,890,715,-1,891,715,713,-1,874,892,880,-1,880,892,893,-1,880,893,894,-1,894,893,895,-1,894,895,896,-1,896,895,711,-1,896,711,709,-1,876,897,875,-1,875,897,898,-1,875,898,899,-1,899,898,900,-1,899,900,901,-1,901,900,707,-1,901,707,705,-1,866,902,878,-1,878,902,903,-1,878,903,904,-1,904,903,905,-1,904,905,906,-1,906,905,703,-1,906,703,701,-1,869,907,908,-1,908,907,909,-1,908,909,910,-1,910,909,911,-1,910,911,912,-1,912,911,697,-1,912,697,695,-1,908,865,869,-1,869,865,851,-1,869,851,42,-1,42,851,850,-1,42,850,43,-1,43,850,40,-1,40,850,849,-1,40,849,378,-1,378,849,846,-1,378,846,379,-1,379,846,845,-1,379,845,517,-1,913,914,915,-1,916,728,726,-1,917,768,766,-1,918,919,920,-1,921,381,323,-1,922,808,806,-1,842,923,924,-1,924,923,916,-1,924,916,925,-1,925,916,726,-1,725,926,726,-1,726,926,927,-1,726,927,925,-1,928,929,930,-1,930,929,917,-1,930,917,931,-1,931,917,766,-1,765,932,766,-1,766,932,933,-1,766,933,931,-1,934,929,935,-1,935,929,936,-1,738,565,736,-1,736,565,564,-1,736,564,735,-1,749,937,938,-1,749,752,939,-1,778,557,776,-1,776,557,556,-1,776,556,775,-1,829,940,941,-1,829,832,942,-1,921,323,942,-1,842,841,923,-1,923,841,943,-1,923,943,944,-1,945,946,947,-1,947,946,922,-1,947,922,948,-1,948,922,806,-1,805,949,806,-1,806,949,950,-1,806,950,948,-1,946,951,952,-1,749,938,747,-1,937,749,953,-1,953,749,939,-1,953,939,928,-1,928,939,913,-1,928,913,929,-1,929,913,915,-1,929,915,936,-1,829,941,827,-1,940,829,954,-1,954,829,942,-1,954,942,955,-1,955,942,323,-1,955,323,322,-1,934,956,929,-1,929,956,957,-1,929,957,958,-1,789,959,960,-1,789,792,961,-1,818,555,816,-1,816,555,554,-1,816,554,815,-1,921,617,381,-1,381,617,620,-1,381,620,622,-1,639,641,946,-1,789,960,787,-1,959,789,962,-1,962,789,961,-1,962,961,945,-1,945,961,918,-1,945,918,946,-1,946,918,920,-1,946,920,951,-1,735,564,733,-1,733,564,963,-1,733,963,732,-1,732,963,964,-1,732,964,730,-1,775,556,773,-1,773,556,965,-1,773,965,772,-1,772,965,966,-1,772,966,770,-1,952,967,946,-1,946,967,968,-1,946,968,639,-1,639,968,969,-1,639,969,970,-1,815,554,813,-1,813,554,971,-1,813,971,812,-1,812,971,972,-1,812,972,810,-1,964,973,730,-1,730,973,974,-1,730,974,725,-1,725,974,975,-1,725,975,926,-1,738,739,565,-1,565,739,741,-1,565,741,976,-1,976,741,742,-1,976,742,977,-1,977,742,744,-1,977,744,978,-1,978,744,745,-1,978,745,979,-1,979,745,747,-1,979,747,980,-1,980,747,938,-1,966,981,770,-1,770,981,982,-1,770,982,765,-1,765,982,983,-1,765,983,932,-1,818,819,555,-1,555,819,821,-1,555,821,984,-1,984,821,822,-1,984,822,985,-1,985,822,824,-1,985,824,986,-1,986,824,825,-1,986,825,987,-1,987,825,827,-1,987,827,988,-1,988,827,941,-1,624,615,381,-1,989,990,841,-1,841,990,991,-1,778,779,557,-1,557,779,781,-1,557,781,992,-1,992,781,782,-1,992,782,993,-1,993,782,784,-1,993,784,994,-1,994,784,785,-1,994,785,995,-1,995,785,787,-1,995,787,996,-1,996,787,960,-1,972,997,810,-1,810,997,998,-1,810,998,805,-1,805,998,999,-1,805,999,949,-1,841,1000,1001,-1,615,614,381,-1,381,614,627,-1,381,627,841,-1,841,627,629,-1,841,629,1000,-1,1000,629,970,-1,1001,1002,841,-1,841,1002,1003,-1,841,1003,1004,-1,622,626,381,-1,381,626,625,-1,381,625,624,-1,629,631,970,-1,970,631,632,-1,970,632,634,-1,956,1005,957,-1,957,1005,989,-1,957,989,1006,-1,1006,989,841,-1,1006,841,1007,-1,1007,841,1004,-1,991,1008,841,-1,841,1008,1009,-1,841,1009,1010,-1,634,635,970,-1,970,635,637,-1,970,637,639,-1,1010,1011,841,-1,841,1011,1012,-1,841,1012,943,-1,600,380,385,-1,600,385,843,-1,843,385,386,-1,843,386,844,-1,844,386,384,-1,844,384,847,-1,847,384,383,-1,847,383,848,-1,848,383,381,-1,848,381,841,-1,1013,1014,1015,-1,1016,1017,1018,-1,1018,1017,1019,-1,1018,1019,1020,-1,1020,1019,1021,-1,1020,1021,1022,-1,1023,1024,1025,-1,1025,1024,1026,-1,1025,1026,1027,-1,1027,1026,1028,-1,1027,1028,1029,-1,1029,1028,1030,-1,1029,1030,1031,-1,1021,1013,1022,-1,1022,1013,1015,-1,1022,1015,1032,-1,1032,1015,1033,-1,1032,1033,1034,-1,1034,1033,1035,-1,1034,1035,1036,-1,1036,1035,1037,-1,1036,1037,1030,-1,1030,1037,1038,-1,1030,1038,1031,-1,1039,1040,799,-1,799,1040,1016,-1,1016,1018,799,-1,799,1018,1020,-1,799,1020,1022,-1,1041,1042,1024,-1,1024,1042,833,-1,1024,833,1026,-1,1026,833,1034,-1,1022,1032,799,-1,799,1032,1034,-1,799,1034,801,-1,1034,1036,1026,-1,1026,1036,1030,-1,1026,1030,1028,-1,814,811,1034,-1,1034,811,803,-1,1034,803,801,-1,833,835,1034,-1,1034,835,826,-1,1034,826,823,-1,823,820,1034,-1,1034,820,817,-1,1034,817,814,-1,1017,1016,1043,-1,1043,1016,1040,-1,1043,1040,1044,-1,1044,1040,946,-1,1044,946,640,-1,640,946,641,-1,1045,809,808,-1,1039,799,798,-1,798,1046,1039,-1,1039,1046,1045,-1,1039,1045,922,-1,922,1045,808,-1,1039,922,1040,-1,1040,922,946,-1,1041,921,1042,-1,1042,921,942,-1,834,833,1047,-1,1047,833,1042,-1,1047,1042,1048,-1,1048,1042,942,-1,1048,942,831,-1,831,942,832,-1,1049,618,617,-1,1041,1024,1023,-1,1023,1050,1041,-1,1041,1050,1049,-1,1041,1049,921,-1,921,1049,617,-1,989,1005,1051,-1,914,1052,1053,-1,914,1053,915,-1,915,1053,1054,-1,915,1054,936,-1,1051,1005,1055,-1,1005,956,1055,-1,1055,956,934,-1,1055,934,1054,-1,1054,934,935,-1,1054,935,936,-1,989,1051,990,-1,990,1051,1056,-1,990,1056,991,-1,991,1056,1057,-1,991,1057,1008,-1,1008,1057,1009,-1,1009,1057,1058,-1,1009,1058,1010,-1,1010,1058,1011,-1,1011,1058,1059,-1,1011,1059,1012,-1,1012,1059,1060,-1,1012,1060,943,-1,943,1060,1061,-1,943,1061,944,-1,721,719,663,-1,719,1062,1063,-1,1064,1065,653,-1,653,1065,753,-1,653,753,655,-1,1063,645,719,-1,719,645,647,-1,719,647,649,-1,753,663,665,-1,649,651,719,-1,719,651,661,-1,719,661,663,-1,665,659,753,-1,753,659,657,-1,753,657,655,-1,753,755,663,-1,663,755,746,-1,663,746,743,-1,743,740,663,-1,663,740,737,-1,663,737,734,-1,734,731,663,-1,663,731,723,-1,663,723,721,-1,970,969,1066,-1,919,1067,1068,-1,919,1068,920,-1,920,1068,1069,-1,920,1069,951,-1,1066,969,1070,-1,969,968,1070,-1,1070,968,967,-1,1070,967,1069,-1,1069,967,952,-1,1069,952,951,-1,970,1066,1000,-1,1000,1066,1071,-1,1000,1071,1001,-1,1001,1071,1072,-1,1001,1072,1002,-1,1002,1072,1003,-1,1003,1072,1073,-1,1003,1073,1004,-1,1004,1073,1007,-1,1007,1073,1074,-1,1007,1074,1006,-1,1006,1074,1075,-1,1006,1075,957,-1,957,1075,1076,-1,957,1076,958,-1,1077,1078,759,-1,759,1078,671,-1,671,673,759,-1,759,673,675,-1,759,675,677,-1,795,691,793,-1,793,691,685,-1,793,685,683,-1,1079,1080,679,-1,679,1080,793,-1,679,793,681,-1,681,793,683,-1,795,786,691,-1,691,786,783,-1,691,783,780,-1,677,687,759,-1,759,687,689,-1,759,689,761,-1,761,689,691,-1,761,691,763,-1,763,691,771,-1,780,777,691,-1,691,777,774,-1,691,774,771,-1,672,671,1081,-1,1081,671,1078,-1,1081,1078,1082,-1,1082,1078,929,-1,1082,929,1076,-1,1076,929,958,-1,1083,769,768,-1,1077,759,758,-1,758,1084,1077,-1,1077,1084,1083,-1,1077,1083,917,-1,917,1083,768,-1,1077,917,1078,-1,1078,917,929,-1,1079,918,1080,-1,1080,918,961,-1,794,793,1085,-1,1085,793,1080,-1,1085,1080,1086,-1,1086,1080,961,-1,1086,961,791,-1,791,961,792,-1,1087,1067,919,-1,1079,679,678,-1,678,1088,1079,-1,1079,1088,1087,-1,1079,1087,918,-1,918,1087,919,-1,646,645,1089,-1,1089,645,1063,-1,1089,1063,1090,-1,1090,1063,923,-1,1090,923,1061,-1,1061,923,944,-1,1091,729,728,-1,1062,719,718,-1,718,1092,1062,-1,1062,1092,1091,-1,1062,1091,916,-1,916,1091,728,-1,1062,916,1063,-1,1063,916,923,-1,1064,913,1065,-1,1065,913,939,-1,754,753,1093,-1,1093,753,1065,-1,1093,1065,1094,-1,1094,1065,939,-1,1094,939,751,-1,751,939,752,-1,1095,1052,914,-1,1064,653,652,-1,652,1096,1064,-1,1064,1096,1095,-1,1064,1095,913,-1,913,1095,914,-1,879,1096,652,-1,658,872,656,-1,656,872,879,-1,656,879,654,-1,654,879,652,-1,601,1090,1061,-1,1061,1060,601,-1,601,1060,1059,-1,601,1059,1058,-1,1058,1057,601,-1,601,1057,1056,-1,601,1056,592,-1,592,1056,1051,-1,592,1051,1055,-1,1052,1095,1053,-1,1053,1095,592,-1,1053,592,1054,-1,1054,592,1055,-1,1096,879,880,-1,709,708,1096,-1,1096,708,593,-1,1096,593,1095,-1,1095,593,592,-1,880,894,1096,-1,1096,894,896,-1,1096,896,709,-1,887,872,658,-1,660,612,613,-1,613,714,715,-1,660,613,658,-1,887,658,888,-1,613,715,658,-1,658,715,890,-1,658,890,888,-1,1097,1098,757,-1,757,1098,748,-1,1097,1093,1098,-1,1098,1093,1094,-1,754,1093,756,-1,756,1093,1097,-1,756,1097,757,-1,1094,751,1098,-1,1098,751,750,-1,1098,750,748,-1,1099,1091,1100,-1,1100,1091,1092,-1,1092,718,1100,-1,1100,718,720,-1,1100,720,722,-1,729,1091,727,-1,727,1091,1099,-1,727,1099,724,-1,1099,1100,724,-1,724,1100,722,-1,642,871,870,-1,713,712,642,-1,642,712,611,-1,642,611,643,-1,643,611,610,-1,870,889,642,-1,642,889,891,-1,642,891,713,-1,881,871,642,-1,646,1089,648,-1,648,1089,881,-1,648,881,650,-1,650,881,642,-1,884,881,1089,-1,1090,601,603,-1,603,861,862,-1,1090,603,1089,-1,884,1089,885,-1,603,862,1089,-1,1089,862,886,-1,1089,886,885,-1,877,1088,678,-1,684,876,682,-1,682,876,877,-1,682,877,680,-1,680,877,678,-1,599,1082,1076,-1,1076,1075,599,-1,599,1075,1074,-1,599,1074,1073,-1,1073,1072,599,-1,599,1072,1071,-1,599,1071,597,-1,597,1071,1066,-1,597,1066,1070,-1,1067,1087,1068,-1,1068,1087,597,-1,1068,597,1069,-1,1069,597,1070,-1,1088,877,878,-1,701,700,1088,-1,1088,700,595,-1,1088,595,1087,-1,1087,595,597,-1,878,904,1088,-1,1088,904,906,-1,1088,906,701,-1,897,876,684,-1,686,608,609,-1,609,706,707,-1,686,609,684,-1,897,684,898,-1,609,707,684,-1,684,707,900,-1,684,900,898,-1,1101,1102,797,-1,797,1102,788,-1,1101,1085,1102,-1,1102,1085,1086,-1,794,1085,796,-1,796,1085,1101,-1,796,1101,797,-1,1086,791,1102,-1,1102,791,790,-1,1102,790,788,-1,1103,1083,1104,-1,1104,1083,1084,-1,1084,758,1104,-1,1104,758,760,-1,1104,760,762,-1,769,1083,767,-1,767,1083,1103,-1,767,1103,764,-1,1103,1104,764,-1,764,1104,762,-1,668,873,875,-1,705,704,668,-1,668,704,607,-1,668,607,669,-1,669,607,606,-1,875,899,668,-1,668,899,901,-1,668,901,705,-1,874,873,668,-1,672,1081,674,-1,674,1081,874,-1,674,874,676,-1,676,874,668,-1,892,874,1081,-1,1082,599,594,-1,594,710,711,-1,1082,594,1081,-1,892,1081,893,-1,594,711,1081,-1,1081,711,895,-1,1081,895,893,-1,1050,868,867,-1,698,699,1050,-1,1050,699,604,-1,1050,604,1049,-1,1049,604,605,-1,867,882,1050,-1,1050,882,883,-1,1050,883,698,-1,598,1044,640,-1,618,1049,619,-1,619,1049,605,-1,619,605,621,-1,621,605,623,-1,640,638,598,-1,598,638,636,-1,598,636,633,-1,633,630,598,-1,598,630,628,-1,598,628,605,-1,605,628,616,-1,605,616,623,-1,868,1050,1023,-1,1029,869,1027,-1,1027,869,868,-1,1027,868,1025,-1,1025,868,1023,-1,907,869,1029,-1,1031,864,716,-1,716,696,697,-1,1031,716,1029,-1,907,1029,909,-1,716,697,1029,-1,1029,697,911,-1,1029,911,909,-1,1105,828,1106,-1,1106,828,837,-1,834,1047,836,-1,836,1047,1106,-1,836,1106,837,-1,1048,831,1105,-1,1105,831,830,-1,1105,830,828,-1,1106,1047,1105,-1,1105,1047,1048,-1,1107,1045,1108,-1,1108,1045,1046,-1,1046,798,1108,-1,1108,798,800,-1,1108,800,802,-1,809,1045,807,-1,807,1045,1107,-1,807,1107,804,-1,1107,1108,804,-1,804,1108,802,-1,1013,865,908,-1,695,694,1013,-1,1013,694,717,-1,1013,717,1014,-1,1014,717,863,-1,908,910,1013,-1,1013,910,912,-1,1013,912,695,-1,866,865,1013,-1,1017,1043,1019,-1,1019,1043,866,-1,1019,866,1021,-1,1021,866,1013,-1,902,866,1043,-1,1044,598,596,-1,596,702,703,-1,1044,596,1043,-1,902,1043,903,-1,596,703,1043,-1,1043,703,905,-1,1043,905,903,-1,1014,863,1015,-1,1015,863,1033,-1,1031,1038,864,-1,864,1038,1037,-1,864,1037,863,-1,863,1037,1035,-1,863,1035,1033,-1,669,606,670,-1,670,606,688,-1,686,693,608,-1,608,693,692,-1,608,692,606,-1,606,692,690,-1,606,690,688,-1,660,667,612,-1,612,667,666,-1,612,666,610,-1,610,666,664,-1,664,662,610,-1,610,662,644,-1,610,644,643,-1,1109,382,387,-1,1110,1111,1112,-1,1113,1114,1115,-1,1110,1112,1116,-1,1113,1115,1117,-1,1118,321,1119,-1,1119,321,382,-1,580,579,1120,-1,572,571,1121,-1,575,840,1122,-1,415,566,414,-1,414,566,1109,-1,414,1109,407,-1,407,1109,387,-1,1112,580,1116,-1,1116,580,1120,-1,1116,1120,1123,-1,1123,1120,1124,-1,1125,1126,1127,-1,1127,1126,1128,-1,1129,1130,1114,-1,1114,1130,1131,-1,1114,1131,1115,-1,1115,1131,1132,-1,1115,1132,1133,-1,1115,572,1117,-1,1117,572,1121,-1,1117,1121,1134,-1,1134,1121,1135,-1,1126,576,1128,-1,1128,576,575,-1,1128,575,1136,-1,1136,575,1122,-1,1137,1138,1111,-1,1111,1138,1139,-1,1111,1139,1112,-1,1112,1139,1140,-1,1112,1140,1141,-1,1141,1142,1112,-1,1112,1142,1143,-1,1112,1143,1109,-1,1109,1143,1144,-1,1133,1145,1115,-1,1115,1145,1146,-1,1115,1146,1120,-1,1120,1146,1147,-1,1120,1147,1124,-1,1144,1148,1109,-1,1109,1148,1149,-1,1109,1149,382,-1,382,1149,1150,-1,382,1150,1119,-1,1125,1151,1126,-1,1126,1151,1152,-1,1126,1152,1121,-1,1121,1152,1153,-1,1121,1153,1135,-1,955,322,1118,-1,1118,322,321,-1,971,554,1141,-1,1141,554,1142,-1,971,1141,972,-1,972,1141,1140,-1,972,1140,997,-1,997,1140,998,-1,998,1140,1139,-1,998,1139,999,-1,999,1139,949,-1,949,1139,1138,-1,949,1138,950,-1,950,1138,948,-1,948,1138,1137,-1,948,1137,947,-1,955,1118,954,-1,954,1118,1119,-1,1150,941,1119,-1,1119,941,940,-1,1119,940,954,-1,1149,987,1150,-1,1150,987,988,-1,1150,988,941,-1,1148,985,1149,-1,1149,985,986,-1,1149,986,987,-1,554,552,1142,-1,1142,552,551,-1,1142,551,1143,-1,1143,551,553,-1,1143,553,1144,-1,1144,553,555,-1,1144,555,1148,-1,1148,555,984,-1,1148,984,985,-1,1111,945,1137,-1,1137,945,947,-1,965,556,1133,-1,1133,556,1145,-1,965,1133,966,-1,966,1133,1132,-1,966,1132,981,-1,981,1132,982,-1,982,1132,1131,-1,982,1131,983,-1,983,1131,932,-1,932,1131,1130,-1,932,1130,933,-1,933,1130,931,-1,931,1130,1129,-1,931,1129,930,-1,945,1111,962,-1,962,1111,1110,-1,1116,960,1110,-1,1110,960,959,-1,1110,959,962,-1,1123,995,1116,-1,1116,995,996,-1,1116,996,960,-1,1124,993,1123,-1,1123,993,994,-1,1123,994,995,-1,556,558,1145,-1,1145,558,560,-1,1145,560,1146,-1,1146,560,559,-1,1146,559,1147,-1,1147,559,557,-1,1147,557,1124,-1,1124,557,992,-1,1124,992,993,-1,1114,928,1129,-1,1129,928,930,-1,963,564,1125,-1,1125,564,1151,-1,963,1125,964,-1,964,1125,1127,-1,964,1127,973,-1,973,1127,974,-1,974,1127,1128,-1,974,1128,975,-1,975,1128,926,-1,926,1128,1136,-1,926,1136,927,-1,927,1136,925,-1,925,1136,1122,-1,925,1122,924,-1,928,1114,953,-1,953,1114,1113,-1,1117,938,1113,-1,1113,938,937,-1,1113,937,953,-1,1134,979,1117,-1,1117,979,980,-1,1117,980,938,-1,1135,977,1134,-1,1134,977,978,-1,1134,978,979,-1,564,562,1151,-1,1151,562,561,-1,1151,561,1152,-1,1152,561,563,-1,1152,563,1153,-1,1153,563,565,-1,1153,565,1135,-1,1135,565,976,-1,1135,976,977,-1,1122,840,924,-1,924,840,842,-1,
        ]
    }
}
Shape{
    appearance Appearance {
        material  Material 	{
            diffuseColor 0.7529411764705882 0.7529411764705882 0.7529411764705882
            specularColor 0.3764705882352941 0.3764705882352941 0.3764705882352941
            ambientIntensity 0.7529
            transparency 0.0
            shininess 0.5
        }
    }
    geometry IndexedFaceSet {
        ccw TRUE
        solid FALSE
        coord DEF co Coordinate {
            point [
                1.9587 -1.5433 0.0, 1.9587 -2.0945 0.0, 1.9587 -1.5433 0.0394, 1.9587 -2.0945 0.0394, 2.1949 -1.5433 0.0394, 2.1949 -1.5433 0.0984, 2.5886 -1.5433 0.0984, 2.5886 -1.5433 0.0, 2.1949 -2.0945 0.0394, 2.5886 -2.0945 0.0, 2.1949 -2.0945 0.0984, 2.5886 -2.0945 0.0984, 1.9587 1.6063 0.0, 1.9587 1.0551 0.0, 1.9587 1.6063 0.0394, 1.9587 1.0551 0.0394, 2.1949 1.0551 0.0394, 2.5886 1.0551 0.0, 2.1949 1.0551 0.0984, 2.5886 1.0551 0.0984, 2.1949 1.6063 0.0394, 2.1949 1.6063 0.0984, 2.5886 1.6063 0.0984, 2.5886 1.6063 0.0, -1.6831 -2.0945 0.0, -1.6831 -1.5433 0.0, -1.6831 -2.0945 0.0394, -1.6831 -1.5433 0.0394, -1.939 -2.0945 0.0394, -1.939 -2.0945 0.0984, -2.5886 -2.0945 0.0984, -2.5886 -2.0945 0.0, -1.939 -1.5433 0.0394, -2.5886 -1.5433 0.0, -1.939 -1.5433 0.0984, -2.5886 -1.5433 0.0984, -1.6831 1.0551 0.0, -1.6831 1.6063 0.0, -1.6831 1.0551 0.0394, -1.6831 1.6063 0.0394, -1.939 1.6063 0.0394, -2.5886 1.6063 0.0, -1.939 1.6063 0.0984, -2.5886 1.6063 0.0984, -1.939 1.0551 0.0394, -1.939 1.0551 0.0984, -2.5886 1.0551 0.0984, -2.5886 1.0551 0.0, 1.9587 0.0315 0.0, 1.9587 -0.5197 0.0, 1.9587 0.0315 0.0394, 1.9587 -0.5197 0.0394, 2.1949 0.0315 0.0394, 2.1949 0.0315 0.0984, 2.5886 0.0315 0.0984, 2.5886 0.0315 0.0, 2.1949 -0.5197 0.0394, 2.5886 -0.5197 0.0, 2.1949 -0.5197 0.0984, 2.5886 -0.5197 0.0984, -1.6831 -0.5197 0.0, -1.6831 0.0315 0.0, -1.6831 -0.5197 0.0394, -1.6831 0.0315 0.0394, -1.939 0.0315 0.0394, -2.5886 0.0315 0.0, -1.939 0.0315 0.0984, -2.5886 0.0315 0.0984, -1.939 -0.5197 0.0394, -1.939 -0.5197 0.0984, -2.5886 -0.5197 0.0984, -2.5886 -0.5197 0.0
            ]
        }
        coordIndex [
            0,1,2,-1,2,1,3,-1,0,2,4,-1,5,6,4,-1,4,6,7,-1,4,7,0,-1,3,1,8,-1,8,1,9,-1,8,9,10,-1,10,9,11,-1,7,6,9,-1,9,6,11,-1,11,6,10,-1,10,6,5,-1,1,0,9,-1,9,0,7,-1,12,13,14,-1,14,13,15,-1,15,13,16,-1,16,13,17,-1,16,17,18,-1,18,17,19,-1,12,14,20,-1,21,22,20,-1,20,22,23,-1,20,23,12,-1,23,22,17,-1,17,22,19,-1,18,19,21,-1,21,19,22,-1,23,17,12,-1,12,17,13,-1,24,25,26,-1,26,25,27,-1,24,26,28,-1,29,30,28,-1,28,30,31,-1,28,31,24,-1,27,25,32,-1,32,25,33,-1,32,33,34,-1,34,33,35,-1,35,30,34,-1,34,30,29,-1,31,30,33,-1,33,30,35,-1,25,24,33,-1,33,24,31,-1,36,37,38,-1,38,37,39,-1,39,37,40,-1,40,37,41,-1,40,41,42,-1,42,41,43,-1,36,38,44,-1,45,46,44,-1,44,46,47,-1,44,47,36,-1,42,43,45,-1,45,43,46,-1,47,46,41,-1,41,46,43,-1,47,41,36,-1,36,41,37,-1,48,49,50,-1,50,49,51,-1,48,50,52,-1,53,54,52,-1,52,54,55,-1,52,55,48,-1,51,49,56,-1,56,49,57,-1,56,57,58,-1,58,57,59,-1,55,54,57,-1,57,54,59,-1,58,59,53,-1,53,59,54,-1,57,49,55,-1,55,49,48,-1,60,61,62,-1,62,61,63,-1,63,61,64,-1,64,61,65,-1,64,65,66,-1,66,65,67,-1,60,62,68,-1,69,70,68,-1,68,70,71,-1,68,71,60,-1,66,67,69,-1,69,67,70,-1,71,70,65,-1,65,70,67,-1,60,71,61,-1,61,71,65,-1,
        ]
    }
}
Shape{
    appearance Appearance {
        material  Material 	{
            diffuseColor 0.0 0.0 0.0
            specularColor 0.0 0.0 0.0
            ambientIntensity 0.0
            transparency 0.0
            shininess 0.5
        }
    }
    geometry IndexedFaceSet {
        ccw TRUE
        solid FALSE
        coord DEF co Coordinate {
            point [
                -0.7417 -2.5905 0.5733, -0.7417 -2.5905 0.5551, -0.7417 -2.5866 0.5733, -0.7417 -2.5866 0.5551, -0.8055 -2.5905 0.5733, -0.8055 -2.5866 0.5733, -0.8055 -2.5905 0.7152, -0.8055 -2.5866 0.7152, -0.8261 -2.5905 0.7152, -0.8261 -2.5866 0.7152, -0.8261 -2.5905 0.5551, -0.8261 -2.5866 0.5551, -0.6596 -2.5905 0.5524, -0.6596 -2.5866 0.5524, -0.6352 -2.5905 0.5547, -0.6454 -2.5866 0.5537, -0.6352 -2.5866 0.5547, -0.618 -2.5866 0.5604, -0.618 -2.5905 0.5604, -0.6152 -2.5866 0.5617, -0.6152 -2.5905 0.5617, -0.6152 -2.5905 0.5815, -0.6152 -2.5866 0.5815, -0.6309 -2.5866 0.5745, -0.6309 -2.5905 0.5745, -0.649 -2.5866 0.5711, -0.649 -2.5905 0.5711, -0.6566 -2.5866 0.5708, -0.6566 -2.5905 0.5708, -0.6727 -2.5866 0.5728, -0.6727 -2.5905 0.5728, -0.6841 -2.5866 0.5772, -0.6841 -2.5905 0.5772, -0.6946 -2.5866 0.5846, -0.6946 -2.5905 0.5846, -0.6977 -2.5866 0.5877, -0.6977 -2.5905 0.5877, -0.7055 -2.5866 0.5985, -0.7055 -2.5905 0.5985, -0.7107 -2.5866 0.6114, -0.7107 -2.5905 0.6114, -0.7133 -2.5866 0.6275, -0.7133 -2.5905 0.6275, -0.7134 -2.5866 0.6334, -0.7134 -2.5905 0.6334, -0.7107 -2.5866 0.6556, -0.7107 -2.5905 0.6556, -0.7053 -2.5866 0.6694, -0.7053 -2.5905 0.6694, -0.6966 -2.5866 0.6815, -0.6966 -2.5905 0.6815, -0.6857 -2.5866 0.6905, -0.6857 -2.5905 0.6905, -0.6731 -2.5866 0.6963, -0.6731 -2.5905 0.6963, -0.6592 -2.5866 0.699, -0.6592 -2.5905 0.699, -0.653 -2.5866 0.6993, -0.653 -2.5905 0.6993, -0.6333 -2.5866 0.6969, -0.6333 -2.5905 0.6969, -0.617 -2.5866 0.6907, -0.617 -2.5905 0.6907, -0.6152 -2.5866 0.6898, -0.6152 -2.5905 0.6898, -0.6152 -2.5905 0.7114, -0.6152 -2.5866 0.7114, -0.6532 -2.5866 0.7179, -0.6532 -2.5905 0.7179, -0.6529 -2.5905 0.7179, -0.632 -2.5866 0.7162, -0.632 -2.5905 0.7162, -0.6361 -2.5866 0.7166, -0.6529 -2.5866 0.7179, -0.6642 -2.5866 0.7166, -0.6765 -2.5905 0.7151, -0.6765 -2.5866 0.7151, -0.6932 -2.5866 0.7085, -0.6932 -2.5905 0.7085, -0.7082 -2.5866 0.698, -0.7082 -2.5905 0.698, -0.712 -2.5866 0.6944, -0.712 -2.5905 0.6944, -0.7236 -2.5866 0.6792, -0.728 -2.5866 0.669, -0.7312 -2.5905 0.6614, -0.7236 -2.5905 0.6792, -0.7312 -2.5866 0.6614, -0.7349 -2.5866 0.6405, -0.7349 -2.5905 0.6405, -0.7351 -2.5866 0.6321, -0.7351 -2.5905 0.6321, -0.7319 -2.5866 0.6058, -0.728 -2.5866 0.5958, -0.7253 -2.5905 0.5892, -0.7319 -2.5905 0.6058, -0.7253 -2.5866 0.5892, -0.7146 -2.5866 0.5742, -0.7146 -2.5905 0.5742, -0.6866 -2.5866 0.5564, -0.7017 -2.5905 0.5635, -0.7017 -2.5866 0.5635, -0.6736 -2.5866 0.5537, -0.6692 -2.5905 0.5528, -0.6866 -2.5905 0.5564, -0.6692 -2.5866 0.5528, -0.4971 -2.5905 0.5733, -0.4971 -2.5905 0.5551, -0.4971 -2.5866 0.5733, -0.4971 -2.5866 0.5551, -0.5625 -2.5866 0.5733, -0.5625 -2.5905 0.5733, -0.5193 -2.5866 0.5733, -0.5625 -2.5905 0.6272, -0.5625 -2.5866 0.6272, -0.5052 -2.5866 0.6272, -0.5052 -2.5905 0.6272, -0.5193 -2.5866 0.6272, -0.5052 -2.5905 0.6456, -0.5052 -2.5866 0.6456, -0.5625 -2.5866 0.6456, -0.5625 -2.5905 0.6456, -0.5193 -2.5866 0.6456, -0.5625 -2.5905 0.6968, -0.5625 -2.5866 0.6968, -0.5007 -2.5866 0.6968, -0.5007 -2.5905 0.6968, -0.5193 -2.5866 0.6968, -0.5007 -2.5905 0.7152, -0.5007 -2.5866 0.7152, -0.5832 -2.5866 0.7152, -0.5832 -2.5905 0.7152, -0.5193 -2.5866 0.7152, -0.5832 -2.5905 0.5551, -0.5832 -2.5866 0.5551, -0.5193 -2.5866 0.5551, -0.3673 -2.5905 0.5999, -0.3753 -2.5905 0.59, -0.3606 -2.5905 0.5775, -0.3782 -2.5905 0.5874, -0.3771 -2.5905 0.5656, -0.3888 -2.5905 0.5804, -0.3953 -2.5905 0.5585, -0.4025 -2.5905 0.5755, -0.4228 -2.5905 0.5551, -0.4229 -2.5905 0.5733, -0.4668 -2.5905 0.5551, -0.4461 -2.5905 0.5733, -0.4668 -2.5905 0.7152, -0.4461 -2.5905 0.6968, -0.4211 -2.5905 0.7152, -0.4219 -2.5905 0.6968, -0.3967 -2.5905 0.7125, -0.4013 -2.5905 0.6945, -0.3773 -2.5905 0.7055, -0.3874 -2.5905 0.6895, -0.3606 -2.5905 0.694, -0.3757 -2.5905 0.6817, -0.355 -2.5905 0.6886, -0.3705 -2.5905 0.6764, -0.3451 -2.5905 0.6747, -0.3645 -2.5905 0.6672, -0.3391 -2.5905 0.6594, -0.3601 -2.5905 0.6551, -0.3364 -2.5905 0.6372, -0.3582 -2.5905 0.6366, -0.3369 -2.5905 0.627, -0.3587 -2.5905 0.6265, -0.3408 -2.5905 0.6083, -0.3618 -2.5905 0.6118, -0.3486 -2.5905 0.5917, -0.4228 -2.5866 0.5551, -0.4668 -2.5866 0.5551, -0.3606 -2.5866 0.5775, -0.3953 -2.5866 0.5585, -0.3934 -2.5866 0.5592, -0.3771 -2.5866 0.5656, -0.3486 -2.5866 0.5917, -0.3408 -2.5866 0.6083, -0.3369 -2.5866 0.627, -0.3364 -2.5866 0.6372, -0.3391 -2.5866 0.6594, -0.3451 -2.5866 0.6747, -0.355 -2.5866 0.6886, -0.3606 -2.5866 0.694, -0.3773 -2.5866 0.7055, -0.3934 -2.5866 0.7114, -0.3967 -2.5866 0.7125, -0.4211 -2.5866 0.7152, -0.4668 -2.5866 0.7152, -0.4219 -2.5866 0.6968, -0.4461 -2.5866 0.6968, -0.4461 -2.5866 0.5733, -0.4229 -2.5866 0.5733, -0.3753 -2.5866 0.59, -0.3782 -2.5866 0.5874, -0.3888 -2.5866 0.5804, -0.4025 -2.5866 0.5755, -0.3582 -2.5866 0.6366, -0.3587 -2.5866 0.6265, -0.3618 -2.5866 0.6118, -0.3673 -2.5866 0.5999, -0.3757 -2.5866 0.6817, -0.3705 -2.5866 0.6764, -0.3645 -2.5866 0.6672, -0.3601 -2.5866 0.6551, -0.4013 -2.5866 0.6945, -0.3874 -2.5866 0.6895
            ]
        }
        coordIndex [
            0,1,2,-1,2,1,3,-1,4,0,5,-1,5,0,2,-1,6,4,7,-1,7,4,5,-1,8,6,9,-1,9,6,7,-1,10,8,11,-1,11,8,9,-1,1,10,3,-1,3,10,11,-1,6,8,4,-1,4,8,10,-1,4,10,0,-1,0,10,1,-1,12,13,14,-1,14,13,15,-1,15,16,14,-1,14,16,17,-1,14,17,18,-1,18,17,19,-1,18,19,20,-1,21,20,22,-1,22,20,19,-1,21,22,23,-1,21,23,24,-1,24,23,25,-1,24,25,26,-1,26,25,27,-1,26,27,28,-1,28,27,29,-1,28,29,30,-1,30,29,31,-1,30,31,32,-1,32,31,33,-1,32,33,34,-1,34,33,35,-1,34,35,36,-1,36,35,37,-1,36,37,38,-1,38,37,39,-1,38,39,40,-1,40,39,41,-1,40,41,42,-1,42,41,43,-1,42,43,44,-1,44,43,45,-1,44,45,46,-1,46,45,47,-1,46,47,48,-1,48,47,49,-1,48,49,50,-1,50,49,51,-1,50,51,52,-1,52,51,53,-1,52,53,54,-1,54,53,55,-1,54,55,56,-1,56,55,57,-1,56,57,58,-1,58,57,59,-1,58,59,60,-1,60,59,61,-1,60,61,62,-1,62,61,63,-1,62,63,64,-1,65,64,66,-1,66,64,63,-1,67,68,69,-1,65,66,70,-1,65,70,71,-1,71,70,72,-1,71,72,69,-1,69,72,73,-1,69,73,67,-1,68,67,74,-1,68,74,75,-1,74,76,75,-1,75,76,77,-1,75,77,78,-1,78,77,79,-1,78,79,80,-1,80,79,81,-1,80,81,82,-1,82,81,83,-1,84,85,83,-1,83,85,86,-1,83,86,82,-1,84,87,85,-1,85,87,88,-1,85,88,89,-1,89,88,90,-1,89,90,91,-1,91,90,92,-1,93,94,92,-1,92,94,95,-1,92,95,91,-1,93,96,94,-1,94,96,97,-1,94,97,98,-1,99,100,101,-1,101,100,98,-1,101,98,97,-1,102,103,99,-1,99,103,104,-1,99,104,100,-1,102,105,103,-1,103,105,13,-1,103,13,12,-1,62,64,65,-1,52,80,50,-1,50,80,82,-1,50,82,48,-1,48,82,86,-1,48,86,46,-1,62,65,60,-1,60,65,71,-1,60,71,58,-1,58,71,69,-1,58,69,56,-1,56,69,68,-1,56,68,54,-1,54,68,75,-1,54,75,52,-1,52,75,78,-1,52,78,80,-1,91,44,89,-1,89,44,46,-1,89,46,85,-1,85,46,86,-1,20,21,18,-1,18,21,24,-1,18,24,14,-1,14,24,26,-1,14,26,12,-1,12,26,28,-1,12,28,103,-1,103,28,30,-1,103,30,104,-1,104,30,32,-1,104,32,100,-1,100,32,34,-1,100,34,98,-1,98,34,36,-1,98,36,94,-1,94,36,38,-1,94,38,95,-1,95,38,40,-1,95,40,91,-1,91,40,42,-1,91,42,44,-1,106,107,108,-1,108,107,109,-1,110,111,112,-1,112,111,106,-1,112,106,108,-1,113,111,114,-1,114,111,110,-1,115,116,117,-1,117,116,113,-1,117,113,114,-1,118,116,119,-1,119,116,115,-1,120,121,122,-1,122,121,118,-1,122,118,119,-1,123,121,124,-1,124,121,120,-1,125,126,127,-1,127,126,123,-1,127,123,124,-1,128,126,129,-1,129,126,125,-1,130,131,132,-1,132,131,128,-1,132,128,129,-1,133,131,134,-1,134,131,130,-1,109,107,135,-1,135,107,133,-1,135,133,134,-1,133,107,106,-1,106,111,133,-1,133,111,113,-1,133,113,131,-1,126,128,123,-1,123,128,131,-1,123,131,121,-1,121,131,113,-1,121,113,118,-1,118,113,116,-1,136,137,138,-1,138,137,139,-1,138,139,140,-1,140,139,141,-1,140,141,142,-1,142,141,143,-1,142,143,144,-1,144,143,145,-1,144,145,146,-1,146,145,147,-1,146,147,148,-1,148,147,149,-1,148,149,150,-1,150,149,151,-1,150,151,152,-1,152,151,153,-1,152,153,154,-1,154,153,155,-1,154,155,156,-1,156,155,157,-1,156,157,158,-1,158,157,159,-1,158,159,160,-1,160,159,161,-1,160,161,162,-1,162,161,163,-1,162,163,164,-1,164,163,165,-1,164,165,166,-1,166,165,167,-1,166,167,168,-1,168,167,169,-1,168,169,170,-1,170,169,136,-1,170,136,138,-1,144,146,171,-1,171,146,172,-1,173,138,140,-1,144,171,174,-1,144,174,142,-1,142,174,175,-1,142,175,140,-1,140,175,176,-1,140,176,173,-1,138,173,177,-1,138,177,170,-1,170,177,178,-1,170,178,168,-1,168,178,179,-1,168,179,166,-1,166,179,180,-1,166,180,164,-1,164,180,181,-1,164,181,162,-1,162,181,182,-1,162,182,160,-1,160,182,183,-1,160,183,158,-1,158,183,184,-1,158,184,156,-1,156,184,185,-1,186,152,185,-1,185,152,154,-1,185,154,156,-1,186,187,152,-1,152,187,188,-1,152,188,150,-1,148,150,189,-1,189,150,188,-1,146,148,172,-1,172,148,189,-1,151,149,190,-1,190,149,191,-1,149,147,191,-1,191,147,192,-1,147,145,192,-1,192,145,193,-1,137,194,195,-1,137,195,139,-1,139,195,196,-1,139,196,141,-1,141,196,197,-1,141,197,143,-1,143,197,193,-1,143,193,145,-1,165,198,199,-1,165,199,167,-1,167,199,200,-1,167,200,169,-1,169,200,201,-1,169,201,136,-1,136,201,194,-1,136,194,137,-1,157,202,203,-1,157,203,159,-1,159,203,204,-1,159,204,161,-1,161,204,205,-1,161,205,163,-1,163,205,198,-1,163,198,165,-1,151,190,206,-1,151,206,153,-1,153,206,207,-1,153,207,155,-1,155,207,202,-1,155,202,157,-1,
        ]
    }
}
Shape{
    appearance Appearance {
        material  Material 	{
            diffuseColor 0.996078431372549 0.8705882352941177 0.7607843137254902
            specularColor 0.4980392156862745 0.43529411764705883 0.3803921568627451
            ambientIntensity 0.8956
            transparency 0.0
            shininess 0.5
        }
    }
    geometry IndexedFaceSet {
        ccw TRUE
        solid FALSE
        coord DEF co Coordinate {
            point [
                -0.4461 -2.5866 0.6968, -0.4461 -2.5866 0.5733, -0.4219 -2.5866 0.6968, -0.4229 -2.5866 0.5733, -0.4025 -2.5866 0.5755, -0.3888 -2.5866 0.5804, -0.3782 -2.5866 0.5874, -0.3753 -2.5866 0.59, -0.3673 -2.5866 0.5999, -0.3618 -2.5866 0.6118, -0.3587 -2.5866 0.6265, -0.3582 -2.5866 0.6366, -0.3601 -2.5866 0.6551, -0.3645 -2.5866 0.6672, -0.3705 -2.5866 0.6764, -0.3757 -2.5866 0.6817, -0.4013 -2.5866 0.6945, -0.3874 -2.5866 0.6895
            ]
        }
        coordIndex [
            0,1,2,-1,2,1,3,-1,2,3,4,-1,4,5,2,-1,2,5,6,-1,2,6,7,-1,7,8,2,-1,2,8,9,-1,2,9,10,-1,10,11,2,-1,2,11,12,-1,2,12,13,-1,13,14,2,-1,2,14,15,-1,2,15,16,-1,16,15,17,-1,
        ]
    }
}
Shape{
    appearance Appearance {
        material  Material 	{
            diffuseColor 0.0 0.0 0.0
            specularColor 0.0 0.0 0.0
            ambientIntensity 0.0
            transparency 0.0
            shininess 0.5
        }
    }
    geometry IndexedFaceSet {
        ccw TRUE
        solid FALSE
        coord DEF co Coordinate {
            point [
                -0.2828 -2.5905 0.617, -0.2893 -2.5905 0.5989, -0.229 -2.5905 0.617, -0.2226 -2.5905 0.5989, -0.2588 -2.5905 0.6835, -0.2665 -2.5905 0.7152, -0.3275 -2.5905 0.5551, -0.3047 -2.5905 0.5551, -0.2574 -2.5905 0.6883, -0.2562 -2.5905 0.6948, -0.2444 -2.5905 0.7152, -0.2557 -2.5905 0.6948, -0.2544 -2.5905 0.688, -0.2532 -2.5905 0.6835, -0.1834 -2.5905 0.5551, -0.2063 -2.5905 0.5551, -0.2444 -2.5866 0.7152, -0.1834 -2.5866 0.5551, -0.2665 -2.5866 0.7152, -0.3275 -2.5866 0.5551, -0.2814 -2.5866 0.6763, -0.3047 -2.5866 0.5551, -0.2893 -2.5866 0.5989, -0.2226 -2.5866 0.5989, -0.2814 -2.5866 0.5989, -0.2063 -2.5866 0.5551, -0.2828 -2.5866 0.617, -0.229 -2.5866 0.617, -0.2532 -2.5866 0.6835, -0.2557 -2.5866 0.6948, -0.2544 -2.5866 0.688, -0.2562 -2.5866 0.6948, -0.2588 -2.5866 0.6835, -0.2574 -2.5866 0.6883
            ]
        }
        coordIndex [
            0,1,2,-1,2,1,3,-1,4,5,0,-1,0,5,6,-1,0,6,1,-1,1,6,7,-1,4,8,5,-1,5,8,9,-1,5,9,10,-1,10,9,11,-1,10,11,12,-1,12,13,10,-1,10,13,2,-1,10,2,14,-1,14,2,3,-1,14,3,15,-1,10,14,16,-1,16,14,17,-1,5,10,18,-1,18,10,16,-1,19,6,20,-1,20,6,5,-1,20,5,18,-1,7,6,21,-1,21,6,19,-1,1,7,22,-1,22,7,21,-1,23,3,24,-1,24,3,1,-1,24,1,22,-1,15,3,25,-1,25,3,23,-1,14,15,17,-1,17,15,25,-1,0,2,26,-1,26,2,27,-1,2,13,27,-1,27,13,28,-1,11,29,30,-1,11,30,12,-1,12,30,28,-1,12,28,13,-1,11,9,29,-1,29,9,31,-1,4,32,33,-1,4,33,8,-1,8,33,31,-1,8,31,9,-1,4,0,32,-1,32,0,26,-1,
        ]
    }
}
Shape{
    appearance Appearance {
        material  Material 	{
            diffuseColor 0.996078431372549 0.8705882352941177 0.7607843137254902
            specularColor 0.4980392156862745 0.43529411764705883 0.3803921568627451
            ambientIntensity 0.8956
            transparency 0.0
            shininess 0.5
        }
    }
    geometry IndexedFaceSet {
        ccw TRUE
        solid FALSE
        coord DEF co Coordinate {
            point [
                -0.2557 -2.5866 0.6948, -0.2562 -2.5866 0.6948, -0.2544 -2.5866 0.688, -0.2574 -2.5866 0.6883, -0.2532 -2.5866 0.6835, -0.2588 -2.5866 0.6835, -0.229 -2.5866 0.617, -0.2828 -2.5866 0.617
            ]
        }
        coordIndex [
            0,1,2,-1,2,1,3,-1,2,3,4,-1,4,3,5,-1,4,5,6,-1,6,5,7,-1,
        ]
    }
}
Shape{
    appearance Appearance {
        material  Material 	{
            diffuseColor 0.0 0.0 0.0
            specularColor 0.0 0.0 0.0
            ambientIntensity 0.0
            transparency 0.0
            shininess 0.5
        }
    }
    geometry IndexedFaceSet {
        ccw TRUE
        solid FALSE
        coord DEF co Coordinate {
            point [
                -0.74 -2.5905 0.3193, -0.74 -2.5905 0.301, -0.74 -2.5866 0.3193, -0.74 -2.5866 0.301, -0.8055 -2.5905 0.3193, -0.8055 -2.5866 0.3193, -0.8055 -2.5905 0.3732, -0.8055 -2.5866 0.3732, -0.7482 -2.5905 0.3732, -0.7482 -2.5866 0.3732, -0.7482 -2.5905 0.3915, -0.7482 -2.5866 0.3915, -0.8055 -2.5905 0.3915, -0.8055 -2.5866 0.3915, -0.8055 -2.5905 0.4428, -0.8055 -2.5866 0.4428, -0.7436 -2.5905 0.4428, -0.7436 -2.5866 0.4428, -0.7436 -2.5905 0.4612, -0.7436 -2.5866 0.4612, -0.8261 -2.5905 0.4612, -0.8261 -2.5866 0.4612, -0.8261 -2.5905 0.301, -0.8261 -2.5866 0.301, -0.6289 -2.5905 0.3746, -0.649 -2.5905 0.3584, -0.649 -2.5905 0.3475, -0.6495 -2.5905 0.3187, -0.649 -2.5905 0.3187, -0.6501 -2.5905 0.338, -0.649 -2.5905 0.301, -0.6289 -2.5905 0.301, -0.7003 -2.5905 0.3365, -0.6993 -2.5905 0.3411, -0.7167 -2.5905 0.3498, -0.7127 -2.5905 0.3555, -0.6975 -2.5905 0.3448, -0.7066 -2.5905 0.3609, -0.6951 -2.5905 0.3478, -0.6981 -2.5905 0.3652, -0.6964 -2.5905 0.3217, -0.711 -2.5905 0.3073, -0.6946 -2.5905 0.32, -0.7043 -2.5905 0.3027, -0.6906 -2.5905 0.3172, -0.6967 -2.5905 0.2998, -0.6861 -2.5905 0.3156, -0.6845 -2.5905 0.2983, -0.6793 -2.5905 0.3148, -0.6745 -2.5905 0.2994, -0.671 -2.5905 0.3158, -0.6663 -2.5905 0.3023, -0.665 -2.5905 0.3182, -0.659 -2.5905 0.3071, -0.6595 -2.5905 0.3222, -0.6527 -2.5905 0.3139, -0.6576 -2.5905 0.3241, -0.6528 -2.5905 0.3307, -0.6926 -2.5905 0.3498, -0.6879 -2.5905 0.352, -0.6829 -2.5905 0.369, -0.6757 -2.5905 0.3548, -0.649 -2.5905 0.3737, -0.7195 -2.5905 0.3427, -0.7208 -2.5905 0.334, -0.7005 -2.5905 0.3333, -0.7208 -2.5905 0.3317, -0.6999 -2.5905 0.3287, -0.7197 -2.5905 0.3223, -0.6986 -2.5905 0.3251, -0.7173 -2.5905 0.3155, -0.7131 -2.5905 0.3094, -0.7096 -2.5905 0.4074, -0.7096 -2.5905 0.3879, -0.7056 -2.5905 0.4097, -0.6957 -2.5905 0.3966, -0.6907 -2.5905 0.4155, -0.6832 -2.5905 0.4007, -0.6702 -2.5905 0.418, -0.6721 -2.5905 0.4017, -0.6584 -2.5905 0.417, -0.6652 -2.5905 0.401, -0.6499 -2.5905 0.4145, -0.6606 -2.5905 0.3994, -0.6432 -2.5905 0.4107, -0.6571 -2.5905 0.3971, -0.6378 -2.5905 0.4056, -0.654 -2.5905 0.3938, -0.6337 -2.5905 0.3992, -0.6517 -2.5905 0.3897, -0.6305 -2.5905 0.3901, -0.6496 -2.5905 0.3825, -0.6702 -2.5866 0.418, -0.6907 -2.5866 0.4155, -0.7056 -2.5866 0.4097, -0.7096 -2.5866 0.4074, -0.7096 -2.5866 0.3879, -0.6957 -2.5866 0.3966, -0.6832 -2.5866 0.4007, -0.6721 -2.5866 0.4017, -0.6652 -2.5866 0.401, -0.6606 -2.5866 0.3994, -0.6571 -2.5866 0.3971, -0.654 -2.5866 0.3938, -0.6517 -2.5866 0.3897, -0.6496 -2.5866 0.3825, -0.649 -2.5866 0.3737, -0.6829 -2.5866 0.369, -0.6981 -2.5866 0.3652, -0.7066 -2.5866 0.3609, -0.7127 -2.5866 0.3555, -0.7167 -2.5866 0.3498, -0.7195 -2.5866 0.3427, -0.7208 -2.5866 0.334, -0.7208 -2.5866 0.3317, -0.7197 -2.5866 0.3223, -0.7173 -2.5866 0.3155, -0.7131 -2.5866 0.3094, -0.711 -2.5866 0.3073, -0.6845 -2.5866 0.2983, -0.696 -2.5866 0.2997, -0.6967 -2.5866 0.2998, -0.7043 -2.5866 0.3027, -0.6745 -2.5866 0.2994, -0.6737 -2.5866 0.2997, -0.6663 -2.5866 0.3023, -0.659 -2.5866 0.3071, -0.6527 -2.5866 0.3139, -0.6495 -2.5866 0.3187, -0.649 -2.5866 0.3187, -0.649 -2.5866 0.301, -0.6289 -2.5866 0.301, -0.6289 -2.5866 0.3746, -0.6305 -2.5866 0.3901, -0.6337 -2.5866 0.3992, -0.6378 -2.5866 0.4056, -0.6432 -2.5866 0.4107, -0.6499 -2.5866 0.4145, -0.6584 -2.5866 0.417, -0.6951 -2.5866 0.3478, -0.6926 -2.5866 0.3498, -0.6879 -2.5866 0.352, -0.6757 -2.5866 0.3548, -0.7005 -2.5866 0.3333, -0.7003 -2.5866 0.3365, -0.6993 -2.5866 0.3411, -0.6975 -2.5866 0.3448, -0.6946 -2.5866 0.32, -0.6964 -2.5866 0.3217, -0.6986 -2.5866 0.3251, -0.6999 -2.5866 0.3287, -0.6793 -2.5866 0.3148, -0.6861 -2.5866 0.3156, -0.6906 -2.5866 0.3172, -0.6576 -2.5866 0.3241, -0.6595 -2.5866 0.3222, -0.665 -2.5866 0.3182, -0.671 -2.5866 0.3158, -0.649 -2.5866 0.3475, -0.6501 -2.5866 0.338, -0.6528 -2.5866 0.3307, -0.649 -2.5866 0.3584
            ]
        }
        coordIndex [
            0,1,2,-1,2,1,3,-1,4,0,5,-1,5,0,2,-1,6,4,7,-1,7,4,5,-1,8,6,9,-1,9,6,7,-1,10,8,11,-1,11,8,9,-1,12,10,13,-1,13,10,11,-1,14,12,15,-1,15,12,13,-1,16,14,17,-1,17,14,15,-1,18,16,19,-1,19,16,17,-1,20,18,21,-1,21,18,19,-1,22,20,23,-1,23,20,21,-1,1,22,3,-1,3,22,23,-1,22,1,0,-1,0,4,22,-1,22,4,6,-1,22,6,20,-1,16,18,14,-1,14,18,20,-1,14,20,12,-1,12,20,6,-1,12,6,10,-1,10,6,8,-1,24,25,26,-1,27,28,29,-1,30,31,28,-1,28,31,24,-1,28,24,29,-1,29,24,26,-1,32,33,34,-1,34,33,35,-1,35,33,36,-1,35,36,37,-1,37,36,38,-1,37,38,39,-1,40,41,42,-1,42,41,43,-1,42,43,44,-1,44,43,45,-1,44,45,46,-1,46,45,47,-1,46,47,48,-1,48,47,49,-1,48,49,50,-1,50,49,51,-1,50,51,52,-1,52,51,53,-1,52,53,54,-1,54,53,55,-1,54,55,56,-1,56,55,27,-1,56,27,57,-1,57,27,29,-1,38,58,39,-1,39,58,59,-1,39,59,60,-1,60,59,61,-1,60,61,62,-1,34,63,32,-1,32,63,64,-1,32,64,65,-1,65,64,66,-1,65,66,67,-1,67,66,68,-1,67,68,69,-1,69,68,70,-1,69,70,40,-1,40,70,71,-1,40,71,41,-1,72,73,74,-1,74,73,75,-1,74,75,76,-1,76,75,77,-1,76,77,78,-1,78,77,79,-1,78,79,80,-1,80,79,81,-1,80,81,82,-1,82,81,83,-1,82,83,84,-1,84,83,85,-1,84,85,86,-1,86,85,87,-1,86,87,88,-1,88,87,89,-1,88,89,90,-1,90,89,91,-1,90,91,24,-1,24,91,62,-1,24,62,25,-1,25,62,61,-1,78,92,93,-1,78,93,76,-1,76,93,94,-1,76,94,74,-1,74,94,95,-1,74,95,72,-1,73,72,96,-1,96,72,95,-1,73,96,97,-1,73,97,75,-1,75,97,98,-1,75,98,77,-1,77,98,99,-1,77,99,79,-1,79,99,100,-1,79,100,81,-1,81,100,101,-1,81,101,83,-1,83,101,102,-1,83,102,85,-1,85,102,103,-1,85,103,87,-1,87,103,104,-1,87,104,89,-1,89,104,105,-1,89,105,91,-1,91,105,106,-1,91,106,62,-1,60,62,107,-1,107,62,106,-1,60,107,108,-1,60,108,39,-1,39,108,109,-1,39,109,37,-1,37,109,110,-1,37,110,35,-1,35,110,111,-1,35,111,34,-1,34,111,112,-1,34,112,63,-1,63,112,113,-1,63,113,64,-1,64,113,114,-1,64,114,66,-1,66,114,115,-1,66,115,68,-1,68,115,116,-1,68,116,70,-1,70,116,117,-1,70,117,71,-1,71,117,118,-1,71,118,41,-1,119,47,120,-1,120,47,45,-1,120,45,121,-1,121,45,43,-1,121,43,122,-1,122,43,41,-1,122,41,118,-1,47,119,123,-1,47,123,49,-1,49,123,124,-1,49,124,51,-1,124,125,51,-1,51,125,126,-1,51,126,53,-1,53,126,127,-1,53,127,55,-1,55,127,128,-1,55,128,27,-1,28,27,129,-1,129,27,128,-1,30,28,130,-1,130,28,129,-1,31,30,131,-1,131,30,130,-1,24,31,132,-1,132,31,131,-1,24,132,133,-1,24,133,90,-1,90,133,134,-1,90,134,88,-1,88,134,135,-1,88,135,86,-1,86,135,136,-1,86,136,84,-1,84,136,137,-1,84,137,82,-1,82,137,138,-1,82,138,80,-1,80,138,92,-1,80,92,78,-1,38,139,140,-1,38,140,58,-1,58,140,141,-1,58,141,59,-1,59,141,142,-1,59,142,61,-1,65,143,144,-1,65,144,32,-1,32,144,145,-1,32,145,33,-1,33,145,146,-1,33,146,36,-1,36,146,139,-1,36,139,38,-1,42,147,148,-1,42,148,40,-1,40,148,149,-1,40,149,69,-1,69,149,150,-1,69,150,67,-1,67,150,143,-1,67,143,65,-1,48,151,152,-1,48,152,46,-1,46,152,153,-1,46,153,44,-1,44,153,147,-1,44,147,42,-1,56,154,155,-1,56,155,54,-1,54,155,156,-1,54,156,52,-1,52,156,157,-1,52,157,50,-1,50,157,151,-1,50,151,48,-1,26,158,159,-1,26,159,29,-1,29,159,160,-1,29,160,57,-1,57,160,154,-1,57,154,56,-1,26,25,158,-1,158,25,161,-1,25,61,161,-1,161,61,142,-1,
        ]
    }
}
Shape{
    appearance Appearance {
        material  Material 	{
            diffuseColor 0.996078431372549 0.8705882352941177 0.7607843137254902
            specularColor 0.4980392156862745 0.43529411764705883 0.3803921568627451
            ambientIntensity 0.8956
            transparency 0.0
            shininess 0.5
        }
    }
    geometry IndexedFaceSet {
        ccw TRUE
        solid FALSE
        coord DEF co Coordinate {
            point [
                -0.649 -2.5866 0.3475, -0.649 -2.5866 0.3584, -0.6757 -2.5866 0.3548, -0.6595 -2.5866 0.3222, -0.6576 -2.5866 0.3241, -0.6879 -2.5866 0.352, -0.6926 -2.5866 0.3498, -0.671 -2.5866 0.3158, -0.665 -2.5866 0.3182, -0.6528 -2.5866 0.3307, -0.6501 -2.5866 0.338, -0.6951 -2.5866 0.3478, -0.6975 -2.5866 0.3448, -0.6993 -2.5866 0.3411, -0.7003 -2.5866 0.3365, -0.7005 -2.5866 0.3333, -0.6999 -2.5866 0.3287, -0.6906 -2.5866 0.3172, -0.6861 -2.5866 0.3156, -0.6946 -2.5866 0.32, -0.6793 -2.5866 0.3148, -0.6986 -2.5866 0.3251, -0.6964 -2.5866 0.3217
            ]
        }
        coordIndex [
            0,1,2,-1,3,4,2,-1,5,6,7,-1,5,7,2,-1,2,7,8,-1,2,8,3,-1,4,9,2,-1,2,9,10,-1,2,10,0,-1,6,11,7,-1,7,11,12,-1,7,12,13,-1,13,14,7,-1,7,14,15,-1,7,15,16,-1,17,18,19,-1,19,18,20,-1,19,20,7,-1,16,21,7,-1,7,21,22,-1,7,22,19,-1,
        ]
    }
}
Shape{
    appearance Appearance {
        material  Material 	{
            diffuseColor 0.0 0.0 0.0
            specularColor 0.0 0.0 0.0
            ambientIntensity 0.0
            transparency 0.0
            shininess 0.5
        }
    }
    geometry IndexedFaceSet {
        ccw TRUE
        solid FALSE
        coord DEF co Coordinate {
            point [
                -0.6017 -2.5866 0.3258, -0.6017 -2.5905 0.3258, -0.5945 -2.5905 0.3213, -0.5687 -2.5905 0.3147, -0.5687 -2.5866 0.3147, -0.582 -2.5866 0.3163, -0.582 -2.5905 0.3163, -0.5925 -2.5866 0.3204, -0.5945 -2.5866 0.3213, -0.6017 -2.5905 0.3051, -0.6017 -2.5866 0.3051, -0.5877 -2.5905 0.3001, -0.5925 -2.5866 0.3018, -0.5707 -2.5866 0.2983, -0.5707 -2.5905 0.2983, -0.5836 -2.5866 0.2997, -0.5877 -2.5866 0.3001, -0.5525 -2.5905 0.3005, -0.5594 -2.5866 0.2997, -0.5525 -2.5866 0.3005, -0.5419 -2.5866 0.3046, -0.5419 -2.5905 0.3046, -0.5374 -2.5866 0.3074, -0.5374 -2.5905 0.3074, -0.5311 -2.5866 0.3131, -0.5311 -2.5905 0.3131, -0.5275 -2.5866 0.3184, -0.5275 -2.5905 0.3184, -0.5253 -2.5866 0.3248, -0.5253 -2.5905 0.3248, -0.5245 -2.5866 0.3322, -0.5245 -2.5905 0.3322, -0.5253 -2.5866 0.3397, -0.5253 -2.5905 0.3397, -0.5275 -2.5866 0.3456, -0.5275 -2.5905 0.3456, -0.5312 -2.5866 0.3511, -0.5312 -2.5905 0.3511, -0.536 -2.5866 0.3553, -0.536 -2.5905 0.3553, -0.5493 -2.5866 0.3627, -0.5493 -2.5905 0.3627, -0.5571 -2.5866 0.3659, -0.5571 -2.5905 0.3659, -0.5695 -2.5866 0.3713, -0.5695 -2.5905 0.3713, -0.5765 -2.5866 0.3757, -0.5765 -2.5905 0.3757, -0.5785 -2.5866 0.3779, -0.5785 -2.5905 0.3779, -0.5799 -2.5866 0.3806, -0.5799 -2.5905 0.3806, -0.5807 -2.5866 0.3837, -0.5807 -2.5905 0.3837, -0.5809 -2.5866 0.3864, -0.5809 -2.5905 0.3864, -0.5806 -2.5866 0.3896, -0.5806 -2.5905 0.3896, -0.5796 -2.5866 0.3923, -0.5796 -2.5905 0.3923, -0.5779 -2.5866 0.3948, -0.5779 -2.5905 0.3948, -0.5748 -2.5866 0.3975, -0.5748 -2.5905 0.3975, -0.5703 -2.5866 0.3999, -0.5703 -2.5905 0.3999, -0.565 -2.5866 0.4013, -0.565 -2.5905 0.4013, -0.559 -2.5866 0.4017, -0.559 -2.5905 0.4017, -0.545 -2.5866 0.4, -0.545 -2.5905 0.4, -0.5337 -2.5866 0.3956, -0.5337 -2.5905 0.3956, -0.53 -2.5866 0.3935, -0.53 -2.5905 0.3935, -0.53 -2.5905 0.413, -0.53 -2.5866 0.413, -0.543 -2.5866 0.4168, -0.543 -2.5905 0.4168, -0.5571 -2.5866 0.418, -0.5571 -2.5905 0.418, -0.5731 -2.5866 0.4161, -0.5731 -2.5905 0.4161, -0.5839 -2.5866 0.4119, -0.5839 -2.5905 0.4119, -0.5887 -2.5866 0.409, -0.5887 -2.5905 0.409, -0.5952 -2.5905 0.403, -0.5925 -2.5866 0.4055, -0.5952 -2.5866 0.403, -0.5987 -2.5866 0.3976, -0.5987 -2.5905 0.3976, -0.6009 -2.5866 0.3911, -0.6009 -2.5905 0.3911, -0.6016 -2.5866 0.3846, -0.6016 -2.5905 0.3846, -0.6005 -2.5866 0.376, -0.6005 -2.5905 0.376, -0.5982 -2.5866 0.37, -0.5982 -2.5905 0.37, -0.5959 -2.5866 0.3665, -0.5959 -2.5905 0.3665, -0.5712 -2.5866 0.3513, -0.5712 -2.5905 0.3513, -0.5832 -2.5905 0.3568, -0.5926 -2.5866 0.363, -0.5926 -2.5905 0.363, -0.5925 -2.5866 0.3629, -0.5832 -2.5866 0.3568, -0.5581 -2.5866 0.3458, -0.5581 -2.5905 0.3458, -0.5502 -2.5866 0.3411, -0.5502 -2.5905 0.3411, -0.5477 -2.5866 0.3385, -0.5477 -2.5905 0.3385, -0.5462 -2.5866 0.3358, -0.5462 -2.5905 0.3358, -0.5453 -2.5866 0.3327, -0.5453 -2.5905 0.3327, -0.5451 -2.5866 0.3302, -0.5451 -2.5905 0.3302, -0.5455 -2.5866 0.3264, -0.5455 -2.5905 0.3264, -0.5465 -2.5866 0.3235, -0.5465 -2.5905 0.3235, -0.5483 -2.5866 0.3209, -0.5483 -2.5905 0.3209, -0.5506 -2.5866 0.3189, -0.5506 -2.5905 0.3189, -0.5524 -2.5866 0.3178, -0.5524 -2.5905 0.3178, -0.5576 -2.5866 0.3159, -0.5576 -2.5905 0.3159, -0.5678 -2.5866 0.3147, -0.5678 -2.5905 0.3147, -0.425 -2.5905 0.4154, -0.4043 -2.5905 0.4154, -0.425 -2.5866 0.4154, -0.4043 -2.5866 0.4154, -0.4563 -2.5905 0.3293, -0.4563 -2.5866 0.3293, -0.4578 -2.5866 0.324, -0.4578 -2.5905 0.324, -0.4587 -2.5866 0.32, -0.4587 -2.5905 0.32, -0.4593 -2.5905 0.32, -0.4593 -2.5866 0.32, -0.4617 -2.5905 0.3295, -0.4617 -2.5866 0.3295, -0.4916 -2.5866 0.4154, -0.4916 -2.5905 0.4154, -0.4819 -2.5866 0.3876, -0.514 -2.5905 0.4154, -0.514 -2.5866 0.4154, -0.4692 -2.5866 0.3013, -0.4692 -2.5905 0.3013, -0.4819 -2.5866 0.3337, -0.478 -2.5866 0.2805, -0.478 -2.5905 0.2805, -0.4698 -2.5866 0.2997, -0.4819 -2.5866 0.2735, -0.4825 -2.5905 0.2725, -0.4825 -2.5866 0.2725, -0.4865 -2.5866 0.2684, -0.4865 -2.5905 0.2684, -0.4903 -2.5866 0.2661, -0.4903 -2.5905 0.2661, -0.4947 -2.5866 0.2647, -0.4947 -2.5905 0.2647, -0.4985 -2.5866 0.2644, -0.4985 -2.5905 0.2644, -0.5058 -2.5866 0.2653, -0.5058 -2.5905 0.2653, -0.5099 -2.5866 0.2667, -0.5099 -2.5905 0.2667, -0.5099 -2.5905 0.2488, -0.5099 -2.5866 0.2488, -0.5014 -2.5866 0.2473, -0.5014 -2.5905 0.2473, -0.497 -2.5866 0.2472, -0.497 -2.5905 0.2472, -0.4884 -2.5866 0.2482, -0.4884 -2.5905 0.2482, -0.4819 -2.5866 0.2508, -0.4805 -2.5905 0.2513, -0.4805 -2.5866 0.2513, -0.4736 -2.5866 0.2563, -0.4736 -2.5905 0.2563, -0.4653 -2.5866 0.2659, -0.4653 -2.5905 0.2659, -0.4562 -2.5866 0.2838, -0.4562 -2.5905 0.2838, -0.4499 -2.5866 0.2997, -0.2965 -2.5905 0.3193, -0.2965 -2.5905 0.301, -0.2965 -2.5866 0.3193, -0.2965 -2.5866 0.301, -0.362 -2.5866 0.3193, -0.362 -2.5905 0.3193, -0.332 -2.5866 0.3193, -0.362 -2.5905 0.3732, -0.362 -2.5866 0.3732, -0.3047 -2.5866 0.3732, -0.3047 -2.5905 0.3732, -0.332 -2.5866 0.3732, -0.3047 -2.5905 0.3915, -0.3047 -2.5866 0.3915, -0.362 -2.5866 0.3915, -0.362 -2.5905 0.3915, -0.332 -2.5866 0.3915, -0.362 -2.5905 0.4428, -0.362 -2.5866 0.4428, -0.3002 -2.5866 0.4428, -0.3002 -2.5905 0.4428, -0.332 -2.5866 0.4428, -0.3002 -2.5905 0.4612, -0.3002 -2.5866 0.4612, -0.3826 -2.5866 0.4612, -0.3826 -2.5905 0.4612, -0.332 -2.5866 0.4612, -0.3826 -2.5905 0.301, -0.3826 -2.5866 0.301, -0.332 -2.5866 0.301, -0.1668 -2.5905 0.3459, -0.1747 -2.5905 0.336, -0.16 -2.5905 0.3235, -0.1777 -2.5905 0.3333, -0.1766 -2.5905 0.3116, -0.1883 -2.5905 0.3264, -0.1948 -2.5905 0.3044, -0.202 -2.5905 0.3215, -0.2222 -2.5905 0.301, -0.2223 -2.5905 0.3193, -0.2663 -2.5905 0.301, -0.2456 -2.5905 0.3193, -0.2663 -2.5905 0.4612, -0.2456 -2.5905 0.4428, -0.2206 -2.5905 0.4612, -0.2214 -2.5905 0.4428, -0.1961 -2.5905 0.4585, -0.2008 -2.5905 0.4405, -0.1768 -2.5905 0.4514, -0.1869 -2.5905 0.4355, -0.16 -2.5905 0.44, -0.1752 -2.5905 0.4277, -0.1545 -2.5905 0.4346, -0.1699 -2.5905 0.4224, -0.1445 -2.5905 0.4206, -0.1639 -2.5905 0.4132, -0.1386 -2.5905 0.4054, -0.1596 -2.5905 0.401, -0.1359 -2.5905 0.3832, -0.1576 -2.5905 0.3826, -0.1364 -2.5905 0.373, -0.1581 -2.5905 0.3725, -0.1402 -2.5905 0.3542, -0.1612 -2.5905 0.3578, -0.1481 -2.5905 0.3377, -0.2222 -2.5866 0.301, -0.2663 -2.5866 0.301, -0.1948 -2.5866 0.3044, -0.1766 -2.5866 0.3116, -0.16 -2.5866 0.3235, -0.1481 -2.5866 0.3377, -0.1402 -2.5866 0.3542, -0.1364 -2.5866 0.373, -0.1359 -2.5866 0.3832, -0.1386 -2.5866 0.4054, -0.1445 -2.5866 0.4206, -0.1545 -2.5866 0.4346, -0.16 -2.5866 0.44, -0.1768 -2.5866 0.4514, -0.1961 -2.5866 0.4585, -0.2206 -2.5866 0.4612, -0.2663 -2.5866 0.4612, -0.2214 -2.5866 0.4428, -0.2456 -2.5866 0.4428, -0.2456 -2.5866 0.3193, -0.2223 -2.5866 0.3193, -0.1747 -2.5866 0.336, -0.1777 -2.5866 0.3333, -0.1883 -2.5866 0.3264, -0.202 -2.5866 0.3215, -0.1576 -2.5866 0.3826, -0.1581 -2.5866 0.3725, -0.1612 -2.5866 0.3578, -0.1668 -2.5866 0.3459, -0.1752 -2.5866 0.4277, -0.1699 -2.5866 0.4224, -0.1639 -2.5866 0.4132, -0.1596 -2.5866 0.401, -0.2008 -2.5866 0.4405, -0.1869 -2.5866 0.4355
            ]
        }
        coordIndex [
            0,1,2,-1,3,4,5,-1,3,5,6,-1,6,5,7,-1,6,7,2,-1,2,7,8,-1,2,8,0,-1,9,1,10,-1,10,1,0,-1,9,10,11,-1,11,10,12,-1,13,14,15,-1,15,14,11,-1,15,11,16,-1,16,11,12,-1,14,13,17,-1,17,13,18,-1,18,19,17,-1,17,19,20,-1,17,20,21,-1,21,20,22,-1,21,22,23,-1,23,22,24,-1,23,24,25,-1,25,24,26,-1,25,26,27,-1,27,26,28,-1,27,28,29,-1,29,28,30,-1,29,30,31,-1,31,30,32,-1,31,32,33,-1,33,32,34,-1,33,34,35,-1,35,34,36,-1,35,36,37,-1,37,36,38,-1,37,38,39,-1,39,38,40,-1,39,40,41,-1,41,40,42,-1,41,42,43,-1,43,42,44,-1,43,44,45,-1,45,44,46,-1,45,46,47,-1,47,46,48,-1,47,48,49,-1,49,48,50,-1,49,50,51,-1,51,50,52,-1,51,52,53,-1,53,52,54,-1,53,54,55,-1,55,54,56,-1,55,56,57,-1,57,56,58,-1,57,58,59,-1,59,58,60,-1,59,60,61,-1,61,60,62,-1,61,62,63,-1,63,62,64,-1,63,64,65,-1,65,64,66,-1,65,66,67,-1,67,66,68,-1,67,68,69,-1,69,68,70,-1,69,70,71,-1,71,70,72,-1,71,72,73,-1,73,72,74,-1,73,74,75,-1,76,75,77,-1,77,75,74,-1,76,77,78,-1,76,78,79,-1,79,78,80,-1,79,80,81,-1,81,80,82,-1,81,82,83,-1,83,82,84,-1,83,84,85,-1,85,84,86,-1,85,86,87,-1,87,86,88,-1,88,86,89,-1,89,90,88,-1,88,90,91,-1,88,91,92,-1,92,91,93,-1,92,93,94,-1,94,93,95,-1,94,95,96,-1,96,95,97,-1,96,97,98,-1,98,97,99,-1,98,99,100,-1,100,99,101,-1,100,101,102,-1,103,104,105,-1,102,101,106,-1,102,106,107,-1,107,106,108,-1,107,108,105,-1,105,108,109,-1,105,109,103,-1,104,103,110,-1,104,110,111,-1,111,110,112,-1,111,112,113,-1,113,112,114,-1,113,114,115,-1,115,114,116,-1,115,116,117,-1,117,116,118,-1,117,118,119,-1,119,118,120,-1,119,120,121,-1,121,120,122,-1,121,122,123,-1,123,122,124,-1,123,124,125,-1,125,124,126,-1,125,126,127,-1,127,126,128,-1,127,128,129,-1,129,128,130,-1,129,130,131,-1,131,130,132,-1,131,132,133,-1,133,132,134,-1,133,134,135,-1,135,134,4,-1,135,4,3,-1,59,61,87,-1,87,61,85,-1,85,61,63,-1,85,63,83,-1,125,25,27,-1,111,43,104,-1,104,43,45,-1,96,98,51,-1,51,98,100,-1,51,100,49,-1,49,100,102,-1,49,102,47,-1,47,102,107,-1,47,107,45,-1,45,107,105,-1,45,105,104,-1,125,27,123,-1,123,27,29,-1,123,29,121,-1,121,29,31,-1,121,31,119,-1,119,31,33,-1,119,33,117,-1,117,33,35,-1,117,35,115,-1,115,35,37,-1,115,37,113,-1,113,37,39,-1,113,39,111,-1,111,39,41,-1,111,41,43,-1,25,125,23,-1,23,125,127,-1,23,127,21,-1,14,3,11,-1,11,3,6,-1,11,6,9,-1,9,6,2,-1,9,2,1,-1,63,65,83,-1,83,65,67,-1,83,67,81,-1,81,67,69,-1,81,69,79,-1,79,69,71,-1,79,71,76,-1,76,71,73,-1,76,73,75,-1,127,129,21,-1,21,129,131,-1,21,131,17,-1,17,131,133,-1,17,133,14,-1,14,133,135,-1,14,135,3,-1,87,88,59,-1,59,88,92,-1,59,92,57,-1,57,92,94,-1,57,94,55,-1,55,94,96,-1,55,96,53,-1,53,96,51,-1,136,137,138,-1,138,137,139,-1,140,136,141,-1,141,136,138,-1,140,141,142,-1,140,142,143,-1,143,142,144,-1,143,144,145,-1,146,145,147,-1,147,145,144,-1,148,146,149,-1,149,146,147,-1,150,151,152,-1,152,151,148,-1,152,148,149,-1,153,151,154,-1,154,151,150,-1,155,156,157,-1,157,156,153,-1,157,153,154,-1,158,159,160,-1,160,159,156,-1,160,156,155,-1,158,161,159,-1,159,161,162,-1,161,163,162,-1,162,163,164,-1,162,164,165,-1,165,164,166,-1,165,166,167,-1,167,166,168,-1,167,168,169,-1,169,168,170,-1,169,170,171,-1,171,170,172,-1,171,172,173,-1,173,172,174,-1,173,174,175,-1,176,175,177,-1,177,175,174,-1,176,177,178,-1,176,178,179,-1,179,178,180,-1,179,180,181,-1,181,180,182,-1,181,182,183,-1,183,182,184,-1,183,184,185,-1,184,186,185,-1,185,186,187,-1,185,187,188,-1,188,187,189,-1,188,189,190,-1,190,189,191,-1,190,191,192,-1,139,137,193,-1,193,137,192,-1,193,192,191,-1,143,145,192,-1,137,136,192,-1,192,136,140,-1,192,140,143,-1,151,153,148,-1,148,153,156,-1,148,156,146,-1,145,146,192,-1,192,146,156,-1,192,156,190,-1,156,159,190,-1,190,159,162,-1,190,162,188,-1,188,162,165,-1,188,165,185,-1,185,165,167,-1,185,167,183,-1,183,167,169,-1,183,169,181,-1,181,169,171,-1,181,171,179,-1,179,171,173,-1,179,173,176,-1,176,173,175,-1,194,195,196,-1,196,195,197,-1,198,199,200,-1,200,199,194,-1,200,194,196,-1,201,199,202,-1,202,199,198,-1,203,204,205,-1,205,204,201,-1,205,201,202,-1,206,204,207,-1,207,204,203,-1,208,209,210,-1,210,209,206,-1,210,206,207,-1,211,209,212,-1,212,209,208,-1,213,214,215,-1,215,214,211,-1,215,211,212,-1,216,214,217,-1,217,214,213,-1,218,219,220,-1,220,219,216,-1,220,216,217,-1,221,219,222,-1,222,219,218,-1,197,195,223,-1,223,195,221,-1,223,221,222,-1,221,195,194,-1,194,199,221,-1,221,199,201,-1,221,201,219,-1,214,216,211,-1,211,216,219,-1,211,219,209,-1,209,219,201,-1,209,201,206,-1,206,201,204,-1,224,225,226,-1,226,225,227,-1,226,227,228,-1,228,227,229,-1,228,229,230,-1,230,229,231,-1,230,231,232,-1,232,231,233,-1,232,233,234,-1,234,233,235,-1,234,235,236,-1,236,235,237,-1,236,237,238,-1,238,237,239,-1,238,239,240,-1,240,239,241,-1,240,241,242,-1,242,241,243,-1,242,243,244,-1,244,243,245,-1,244,245,246,-1,246,245,247,-1,246,247,248,-1,248,247,249,-1,248,249,250,-1,250,249,251,-1,250,251,252,-1,252,251,253,-1,252,253,254,-1,254,253,255,-1,254,255,256,-1,256,255,257,-1,256,257,258,-1,258,257,224,-1,258,224,226,-1,232,234,259,-1,259,234,260,-1,232,259,261,-1,232,261,230,-1,230,261,262,-1,230,262,228,-1,228,262,263,-1,228,263,226,-1,226,263,264,-1,226,264,258,-1,258,264,265,-1,258,265,256,-1,256,265,266,-1,256,266,254,-1,254,266,267,-1,254,267,252,-1,252,267,268,-1,252,268,250,-1,250,268,269,-1,250,269,248,-1,248,269,270,-1,248,270,246,-1,246,270,271,-1,246,271,244,-1,244,271,272,-1,244,272,242,-1,242,272,273,-1,242,273,240,-1,240,273,274,-1,240,274,238,-1,236,238,275,-1,275,238,274,-1,234,236,260,-1,260,236,275,-1,239,237,276,-1,276,237,277,-1,237,235,277,-1,277,235,278,-1,235,233,278,-1,278,233,279,-1,225,280,281,-1,225,281,227,-1,227,281,282,-1,227,282,229,-1,229,282,283,-1,229,283,231,-1,231,283,279,-1,231,279,233,-1,253,284,285,-1,253,285,255,-1,255,285,286,-1,255,286,257,-1,257,286,287,-1,257,287,224,-1,224,287,280,-1,224,280,225,-1,245,288,289,-1,245,289,247,-1,247,289,290,-1,247,290,249,-1,249,290,291,-1,249,291,251,-1,251,291,284,-1,251,284,253,-1,239,276,292,-1,239,292,241,-1,241,292,293,-1,241,293,243,-1,243,293,288,-1,243,288,245,-1,
        ]
    }
}
Shape{
    appearance Appearance {
        material  Material 	{
            diffuseColor 0.996078431372549 0.8705882352941177 0.7607843137254902
            specularColor 0.4980392156862745 0.43529411764705883 0.3803921568627451
            ambientIntensity 0.8956
            transparency 0.0
            shininess 0.5
        }
    }
    geometry IndexedFaceSet {
        ccw TRUE
        solid FALSE
        coord DEF co Coordinate {
            point [
                -0.2456 -2.5866 0.4428, -0.2456 -2.5866 0.3193, -0.2214 -2.5866 0.4428, -0.2223 -2.5866 0.3193, -0.202 -2.5866 0.3215, -0.1883 -2.5866 0.3264, -0.1777 -2.5866 0.3333, -0.1747 -2.5866 0.336, -0.1668 -2.5866 0.3459, -0.1612 -2.5866 0.3578, -0.1581 -2.5866 0.3725, -0.1576 -2.5866 0.3826, -0.1596 -2.5866 0.401, -0.1639 -2.5866 0.4132, -0.1699 -2.5866 0.4224, -0.1752 -2.5866 0.4277, -0.2008 -2.5866 0.4405, -0.1869 -2.5866 0.4355
            ]
        }
        coordIndex [
            0,1,2,-1,2,1,3,-1,2,3,4,-1,4,5,2,-1,2,5,6,-1,2,6,7,-1,7,8,2,-1,2,8,9,-1,2,9,10,-1,10,11,2,-1,2,11,12,-1,2,12,13,-1,13,14,2,-1,2,14,15,-1,2,15,16,-1,16,15,17,-1,
        ]
    }
}
Shape{
    appearance Appearance {
        material  Material 	{
            diffuseColor 0.0 0.0 0.0
            specularColor 0.0 0.0 0.0
            ambientIntensity 0.0
            transparency 0.0
            shininess 0.5
        }
    }
    geometry IndexedFaceSet {
        ccw TRUE
        solid FALSE
        coord DEF co Coordinate {
            point [
                -0.0822 -2.5905 0.3629, -0.0888 -2.5905 0.3448, -0.0285 -2.5905 0.3629, -0.0221 -2.5905 0.3448, -0.0583 -2.5905 0.4295, -0.066 -2.5905 0.4612, -0.127 -2.5905 0.301, -0.1042 -2.5905 0.301, -0.0569 -2.5905 0.4343, -0.0556 -2.5905 0.4407, -0.0439 -2.5905 0.4612, -0.0552 -2.5905 0.4407, -0.0539 -2.5905 0.4339, -0.0527 -2.5905 0.4295, 0.0171 -2.5905 0.301, -0.0057 -2.5905 0.301, -0.0439 -2.5866 0.4612, 0.0171 -2.5866 0.301, -0.066 -2.5866 0.4612, -0.127 -2.5866 0.301, -0.1042 -2.5866 0.301, -0.0888 -2.5866 0.3448, -0.0221 -2.5866 0.3448, -0.0057 -2.5866 0.301, -0.0822 -2.5866 0.3629, -0.0285 -2.5866 0.3629, -0.0527 -2.5866 0.4295, -0.0552 -2.5866 0.4407, -0.0539 -2.5866 0.4339, -0.0556 -2.5866 0.4407, -0.0583 -2.5866 0.4295, -0.0569 -2.5866 0.4343
            ]
        }
        coordIndex [
            0,1,2,-1,2,1,3,-1,4,5,0,-1,0,5,6,-1,0,6,1,-1,1,6,7,-1,4,8,5,-1,5,8,9,-1,5,9,10,-1,10,9,11,-1,10,11,12,-1,12,13,10,-1,10,13,2,-1,10,2,14,-1,14,2,3,-1,14,3,15,-1,10,14,16,-1,16,14,17,-1,5,10,18,-1,18,10,16,-1,6,5,19,-1,19,5,18,-1,7,6,20,-1,20,6,19,-1,1,7,21,-1,21,7,20,-1,3,1,22,-1,22,1,21,-1,15,3,23,-1,23,3,22,-1,14,15,17,-1,17,15,23,-1,0,2,24,-1,24,2,25,-1,2,13,25,-1,25,13,26,-1,11,27,28,-1,11,28,12,-1,12,28,26,-1,12,26,13,-1,11,9,27,-1,27,9,29,-1,4,30,31,-1,4,31,8,-1,8,31,29,-1,8,29,9,-1,4,0,30,-1,30,0,24,-1,
        ]
    }
}
Shape{
    appearance Appearance {
        material  Material 	{
            diffuseColor 0.996078431372549 0.8705882352941177 0.7607843137254902
            specularColor 0.4980392156862745 0.43529411764705883 0.3803921568627451
            ambientIntensity 0.8956
            transparency 0.0
            shininess 0.5
        }
    }
    geometry IndexedFaceSet {
        ccw TRUE
        solid FALSE
        coord DEF co Coordinate {
            point [
                -0.0552 -2.5866 0.4407, -0.0556 -2.5866 0.4407, -0.0539 -2.5866 0.4339, -0.0569 -2.5866 0.4343, -0.0527 -2.5866 0.4295, -0.0583 -2.5866 0.4295, -0.0285 -2.5866 0.3629, -0.0822 -2.5866 0.3629
            ]
        }
        coordIndex [
            0,1,2,-1,2,1,3,-1,2,3,4,-1,4,3,5,-1,4,5,6,-1,6,5,7,-1,
        ]
    }
}
Shape{
    appearance Appearance {
        material  Material 	{
            diffuseColor 0.0 0.0 0.0
            specularColor 0.0 0.0 0.0
            ambientIntensity 0.0
            transparency 0.0
            shininess 0.5
        }
    }
    geometry IndexedFaceSet {
        ccw TRUE
        solid FALSE
        coord DEF co Coordinate {
            point [
                -1.5334 -2.5905 0.2784, -1.5165 -2.5905 0.2575, -1.5436 -2.5905 0.3791, -1.3434 -2.5905 0.274, -1.33 -2.5905 0.2994, -1.3234 -2.5905 0.3275, -1.4673 -2.5905 0.3049, -1.4582 -2.5905 0.2987, -1.4942 -2.5905 0.2407, -1.4476 -2.5905 0.2948, -1.0279 -2.5905 0.4588, -1.0306 -2.5905 0.4366, -0.963 -2.5905 0.4173, -1.1634 -2.5905 0.4348, -1.1987 -2.5905 0.4952, -1.3228 -2.5905 0.3506, -1.3512 -2.5905 0.4155, -1.3228 -2.5905 0.3392, -1.3837 -2.5905 0.2385, -1.361 -2.5905 0.2542, -1.5684 -2.5905 0.3943, -1.5648 -2.5905 0.3091, -1.5448 -2.5905 0.3028, -1.1258 -2.5905 0.5476, -1.1167 -2.5905 0.5476, -1.07 -2.5905 0.609, -1.0951 -2.5905 0.5449, -1.0629 -2.5905 0.6066, -1.0752 -2.5905 0.5373, -1.0292 -2.5905 0.5895, -0.9986 -2.5905 0.5631, -1.4461 -2.5905 0.5851, -1.4378 -2.5905 0.5806, -1.4731 -2.5905 0.6637, -1.4218 -2.5905 0.6144, -1.4497 -2.5905 0.6909, -1.3967 -2.5905 0.6453, -1.423 -2.5905 0.7138, -1.3652 -2.5905 0.6689, -1.3953 -2.5905 0.7309, -1.468 -2.5905 0.2296, -1.4411 -2.5905 0.2254, -1.4378 -2.5905 0.2937, -1.4366 -2.5905 0.2253, -1.4282 -2.5905 0.2947, -1.4091 -2.5905 0.2287, -1.4182 -2.5905 0.2982, -1.4093 -2.5905 0.304, -1.4018 -2.5905 0.3121, -0.9778 -2.5905 0.3815, -1.0384 -2.5905 0.4163, -0.9994 -2.5905 0.3517, -1.3428 -2.5905 0.7512, -1.3281 -2.5905 0.6842, -1.2863 -2.5905 0.7582, -1.1315 -2.5905 0.699, -1.1711 -2.5905 0.6418, -1.0943 -2.5905 0.6561, -1.1467 -2.5905 0.61, -1.1307 -2.5905 0.5726, -1.5888 -2.5905 0.4153, -1.6359 -2.5905 0.3574, -1.6052 -2.5905 0.3304, -1.6086 -2.5905 0.5113, -1.6832 -2.5905 0.4953, -1.612 -2.5905 0.4838, -1.6837 -2.5905 0.4815, -1.6106 -2.5905 0.4664, -1.6794 -2.5905 0.442, -1.6025 -2.5905 0.4386, -1.6643 -2.5905 0.3994, -1.6404 -2.5905 0.3626, -1.4745 -2.5905 0.3132, -1.4794 -2.5905 0.3225, -1.4819 -2.5905 0.333, -1.3963 -2.5905 0.3541, -1.3937 -2.5905 0.3436, -1.3937 -2.5905 0.3328, -1.3964 -2.5905 0.3219, -1.0575 -2.5905 0.5249, -1.0443 -2.5905 0.5101, -0.9757 -2.5905 0.5305, -1.0337 -2.5905 0.4904, -0.9621 -2.5905 0.4956, -1.0284 -2.5905 0.4686, -0.9573 -2.5905 0.4599, -0.9574 -2.5905 0.4546, -1.051 -2.5905 0.3986, -1.0526 -2.5905 0.3968, -1.032 -2.5905 0.3245, -1.0694 -2.5905 0.3831, -1.0669 -2.5905 0.3079, -1.0895 -2.5905 0.3738, -1.103 -2.5905 0.3005, -1.1099 -2.5905 0.3699, -1.1702 -2.5905 0.3005, -1.1611 -2.5905 0.3699, -1.1756 -2.5905 0.3013, -1.4717 -2.5905 0.5944, -1.4861 -2.5905 0.6653, -1.4981 -2.5905 0.5977, -1.4992 -2.5905 0.666, -1.5098 -2.5905 0.5971, -1.5389 -2.5905 0.6616, -1.5379 -2.5905 0.5904, -1.5815 -2.5905 0.6466, -1.5633 -2.5905 0.577, -1.6197 -2.5905 0.621, -1.5831 -2.5905 0.5594, -1.6302 -2.5905 0.6113, -1.5988 -2.5905 0.5367, -1.6549 -2.5905 0.5805, -1.6742 -2.5905 0.5401, -1.2901 -2.5905 0.6898, -1.2852 -2.5905 0.6899, -1.2394 -2.5905 0.7533, -1.2487 -2.5905 0.6857, -1.1823 -2.5905 0.7331, -1.2129 -2.5905 0.6725, -1.1806 -2.5905 0.6508, -1.4819 -2.5905 0.3431, -1.4792 -2.5905 0.354, -1.531 -2.5905 0.4036, -1.4739 -2.5905 0.3639, -1.5122 -2.5905 0.4251, -1.4664 -2.5905 0.372, -1.4889 -2.5905 0.4413, -1.4573 -2.5905 0.3779, -1.4637 -2.5905 0.4509, -1.4472 -2.5905 0.3814, -1.4366 -2.5905 0.4542, -1.4378 -2.5905 0.3825, -1.4227 -2.5905 0.4534, -1.4285 -2.5905 0.3815, -1.3952 -2.5905 0.4465, -1.4179 -2.5905 0.3777, -1.3711 -2.5905 0.4336, -1.4087 -2.5905 0.3716, -1.4013 -2.5905 0.3634, -1.1668 -2.5905 0.371, -1.1944 -2.5905 0.3127, -1.1907 -2.5905 0.309, -1.1762 -2.5905 0.3701, -1.1841 -2.5905 0.3671, -1.2031 -2.5905 0.3389, -1.2032 -2.5905 0.3358, -1.2022 -2.5905 0.3276, -1.1993 -2.5905 0.3199, -1.1634 -2.5905 0.3702, -1.1831 -2.5905 0.304, -1.1679 -2.5905 0.3711, -1.1911 -2.5905 0.3623, -1.197 -2.5905 0.3557, -1.2011 -2.5905 0.3477, -0.992 -2.5866 0.5537, -0.9757 -2.5866 0.5305, -0.9665 -2.5866 0.5068, -0.9621 -2.5866 0.4956, -0.9573 -2.5866 0.4599, -0.9986 -2.5866 0.5631, -1.0292 -2.5866 0.5895, -1.0629 -2.5866 0.6066, -1.07 -2.5866 0.609, -1.0943 -2.5866 0.6561, -1.1315 -2.5866 0.699, -1.1576 -2.5866 0.7166, -1.1823 -2.5866 0.7331, -1.2394 -2.5866 0.7533, -1.2863 -2.5866 0.7582, -1.3428 -2.5866 0.7512, -1.3953 -2.5866 0.7309, -1.4185 -2.5866 0.7166, -1.423 -2.5866 0.7138, -1.4497 -2.5866 0.6909, -1.4731 -2.5866 0.6637, -1.4861 -2.5866 0.6653, -1.4992 -2.5866 0.666, -1.5389 -2.5866 0.6616, -1.5815 -2.5866 0.6466, -1.6197 -2.5866 0.621, -1.6302 -2.5866 0.6113, -1.6809 -2.5866 0.5068, -1.6742 -2.5866 0.5401, -1.6677 -2.5866 0.5537, -1.6549 -2.5866 0.5805, -1.6832 -2.5866 0.4953, -1.6837 -2.5866 0.4815, -1.6794 -2.5866 0.442, -1.6643 -2.5866 0.3994, -1.6404 -2.5866 0.3626, -1.6359 -2.5866 0.3574, -1.6052 -2.5866 0.3304, -1.5648 -2.5866 0.3091, -1.5448 -2.5866 0.3028, -1.5433 -2.5866 0.2997, -1.5334 -2.5866 0.2784, -1.5165 -2.5866 0.2575, -1.4942 -2.5866 0.2407, -1.4837 -2.5866 0.2363, -1.468 -2.5866 0.2296, -1.4411 -2.5866 0.2254, -1.4366 -2.5866 0.2253, -1.3228 -2.5866 0.3392, -1.4091 -2.5866 0.2287, -1.3895 -2.5866 0.2363, -1.3837 -2.5866 0.2385, -1.361 -2.5866 0.2542, -1.3434 -2.5866 0.274, -1.33 -2.5866 0.2994, -1.3299 -2.5866 0.2997, -1.3234 -2.5866 0.3275, -1.3228 -2.5866 0.3506, -1.1634 -2.5866 0.4348, -1.1987 -2.5866 0.4952, -1.3512 -2.5866 0.4155, -1.3711 -2.5866 0.4336, -1.3952 -2.5866 0.4465, -1.4227 -2.5866 0.4534, -1.4366 -2.5866 0.4542, -1.4637 -2.5866 0.4509, -1.4889 -2.5866 0.4413, -1.5122 -2.5866 0.4251, -1.531 -2.5866 0.4036, -1.5436 -2.5866 0.3791, -1.5684 -2.5866 0.3943, -1.5888 -2.5866 0.4153, -1.6025 -2.5866 0.4386, -1.6106 -2.5866 0.4664, -1.612 -2.5866 0.4838, -1.6091 -2.5866 0.5068, -1.6086 -2.5866 0.5113, -1.5988 -2.5866 0.5367, -1.587 -2.5866 0.5537, -1.5831 -2.5866 0.5594, -1.5633 -2.5866 0.577, -1.5379 -2.5866 0.5904, -1.5098 -2.5866 0.5971, -1.4981 -2.5866 0.5977, -1.4717 -2.5866 0.5944, -1.4461 -2.5866 0.5851, -1.4378 -2.5866 0.5806, -1.4218 -2.5866 0.6144, -1.3967 -2.5866 0.6453, -1.3652 -2.5866 0.6689, -1.3281 -2.5866 0.6842, -1.2901 -2.5866 0.6898, -1.2852 -2.5866 0.6899, -1.2487 -2.5866 0.6857, -1.2129 -2.5866 0.6725, -1.1806 -2.5866 0.6508, -1.1711 -2.5866 0.6418, -1.1467 -2.5866 0.61, -1.1307 -2.5866 0.5726, -1.127 -2.5866 0.5537, -1.1258 -2.5866 0.5476, -1.1167 -2.5866 0.5476, -1.0951 -2.5866 0.5449, -1.0752 -2.5866 0.5373, -1.0575 -2.5866 0.5249, -1.0443 -2.5866 0.5101, -1.0425 -2.5866 0.5068, -1.0337 -2.5866 0.4904, -1.0284 -2.5866 0.4686, -1.0279 -2.5866 0.4588, -1.0306 -2.5866 0.4366, -1.0384 -2.5866 0.4163, -1.051 -2.5866 0.3986, -1.0526 -2.5866 0.3968, -1.0694 -2.5866 0.3831, -1.0895 -2.5866 0.3738, -1.1099 -2.5866 0.3699, -1.1611 -2.5866 0.3699, -1.1634 -2.5866 0.3702, -1.1668 -2.5866 0.371, -1.1679 -2.5866 0.3711, -1.1762 -2.5866 0.3701, -1.1841 -2.5866 0.3671, -1.1911 -2.5866 0.3623, -1.197 -2.5866 0.3557, -1.2011 -2.5866 0.3477, -1.2031 -2.5866 0.3389, -1.2032 -2.5866 0.3358, -1.2022 -2.5866 0.3276, -1.1993 -2.5866 0.3199, -1.1944 -2.5866 0.3127, -1.1907 -2.5866 0.309, -1.1831 -2.5866 0.304, -1.1756 -2.5866 0.3013, -1.1702 -2.5866 0.3005, -1.103 -2.5866 0.3005, -1.0669 -2.5866 0.3079, -1.032 -2.5866 0.3245, -0.9994 -2.5866 0.3517, -0.9778 -2.5866 0.3815, -0.963 -2.5866 0.4173, -0.9574 -2.5866 0.4546, -1.4378 -2.5866 0.3825, -1.4285 -2.5866 0.3815, -1.4179 -2.5866 0.3777, -1.4087 -2.5866 0.3716, -1.4013 -2.5866 0.3634, -1.3963 -2.5866 0.3541, -1.3937 -2.5866 0.3436, -1.3937 -2.5866 0.3328, -1.3964 -2.5866 0.3219, -1.4018 -2.5866 0.3121, -1.4093 -2.5866 0.304, -1.4182 -2.5866 0.2982, -1.4282 -2.5866 0.2947, -1.4378 -2.5866 0.2937, -1.4476 -2.5866 0.2948, -1.4582 -2.5866 0.2987, -1.4673 -2.5866 0.3049, -1.4745 -2.5866 0.3132, -1.4794 -2.5866 0.3225, -1.4819 -2.5866 0.333, -1.4819 -2.5866 0.3431, -1.4792 -2.5866 0.354, -1.4739 -2.5866 0.3639, -1.4664 -2.5866 0.372, -1.4573 -2.5866 0.3779, -1.4472 -2.5866 0.3814
            ]
        }
        coordIndex [
            0,1,2,-1,3,4,5,-1,6,1,7,-1,7,1,8,-1,7,8,9,-1,10,11,12,-1,13,14,15,-1,15,14,16,-1,15,16,17,-1,17,16,18,-1,17,18,5,-1,5,18,19,-1,5,19,3,-1,20,21,2,-1,2,21,22,-1,2,22,0,-1,23,24,25,-1,25,24,26,-1,25,26,27,-1,27,26,28,-1,27,28,29,-1,29,28,30,-1,31,32,33,-1,33,32,34,-1,33,34,35,-1,35,34,36,-1,35,36,37,-1,37,36,38,-1,37,38,39,-1,8,40,9,-1,9,40,41,-1,9,41,42,-1,42,41,43,-1,42,43,44,-1,44,43,45,-1,44,45,46,-1,46,45,18,-1,46,18,47,-1,47,18,48,-1,12,11,49,-1,49,11,50,-1,49,50,51,-1,39,38,52,-1,52,38,53,-1,52,53,54,-1,55,56,57,-1,57,56,58,-1,57,58,25,-1,25,58,59,-1,25,59,23,-1,60,61,20,-1,20,61,62,-1,20,62,21,-1,63,64,65,-1,65,64,66,-1,65,66,67,-1,67,66,68,-1,67,68,69,-1,69,68,70,-1,69,70,60,-1,60,70,71,-1,60,71,61,-1,6,72,1,-1,1,72,73,-1,1,73,2,-1,2,73,74,-1,75,76,16,-1,16,76,77,-1,16,77,18,-1,18,77,78,-1,18,78,48,-1,28,79,30,-1,30,79,80,-1,30,80,81,-1,81,80,82,-1,81,82,83,-1,83,82,84,-1,83,84,85,-1,85,84,10,-1,85,10,86,-1,86,10,12,-1,50,87,51,-1,51,87,88,-1,51,88,89,-1,89,88,90,-1,89,90,91,-1,91,90,92,-1,91,92,93,-1,93,92,94,-1,93,94,95,-1,95,94,96,-1,95,96,97,-1,31,33,98,-1,98,33,99,-1,98,99,100,-1,100,99,101,-1,100,101,102,-1,102,101,103,-1,102,103,104,-1,104,103,105,-1,104,105,106,-1,106,105,107,-1,106,107,108,-1,108,107,109,-1,108,109,110,-1,110,109,111,-1,110,111,63,-1,63,111,112,-1,63,112,64,-1,53,113,54,-1,54,113,114,-1,54,114,115,-1,115,114,116,-1,115,116,117,-1,117,116,118,-1,117,118,55,-1,55,118,119,-1,55,119,56,-1,74,120,2,-1,2,120,121,-1,2,121,122,-1,122,121,123,-1,122,123,124,-1,124,123,125,-1,124,125,126,-1,126,125,127,-1,126,127,128,-1,128,127,129,-1,128,129,130,-1,130,129,131,-1,130,131,132,-1,132,131,133,-1,132,133,134,-1,134,133,135,-1,134,135,136,-1,136,135,137,-1,136,137,16,-1,16,137,138,-1,16,138,75,-1,139,140,141,-1,142,143,144,-1,145,146,139,-1,139,146,147,-1,139,147,140,-1,96,148,97,-1,97,148,139,-1,97,139,149,-1,149,139,141,-1,145,139,144,-1,144,139,150,-1,144,150,142,-1,143,151,144,-1,144,151,152,-1,144,152,153,-1,154,30,155,-1,155,30,81,-1,155,81,156,-1,156,81,83,-1,156,83,157,-1,157,83,85,-1,157,85,158,-1,154,159,30,-1,30,159,160,-1,30,160,29,-1,29,160,161,-1,29,161,27,-1,27,161,162,-1,27,162,25,-1,25,162,163,-1,25,163,57,-1,57,163,164,-1,57,164,55,-1,117,55,165,-1,165,55,164,-1,165,166,117,-1,117,166,167,-1,117,167,115,-1,115,167,168,-1,115,168,54,-1,54,168,169,-1,54,169,52,-1,52,169,170,-1,52,170,39,-1,39,170,37,-1,37,170,171,-1,37,171,172,-1,37,172,173,-1,37,173,35,-1,35,173,174,-1,35,174,33,-1,33,174,175,-1,33,175,99,-1,99,175,176,-1,99,176,101,-1,101,176,177,-1,101,177,103,-1,103,177,178,-1,103,178,105,-1,105,178,179,-1,105,179,107,-1,107,179,180,-1,107,180,109,-1,181,64,182,-1,182,64,112,-1,182,112,183,-1,183,112,111,-1,183,111,184,-1,184,111,109,-1,184,109,180,-1,181,185,64,-1,64,185,186,-1,64,186,66,-1,66,186,187,-1,66,187,68,-1,68,187,188,-1,68,188,70,-1,70,188,189,-1,70,189,71,-1,71,189,190,-1,71,190,61,-1,61,190,191,-1,61,191,62,-1,62,191,192,-1,62,192,21,-1,21,192,193,-1,21,193,22,-1,22,193,194,-1,22,194,0,-1,194,195,0,-1,0,195,196,-1,0,196,1,-1,1,196,197,-1,1,197,8,-1,8,197,198,-1,8,198,40,-1,198,199,40,-1,40,199,200,-1,40,200,41,-1,41,200,201,-1,41,201,43,-1,202,17,5,-1,43,201,203,-1,204,18,203,-1,203,18,45,-1,203,45,43,-1,204,205,18,-1,18,205,206,-1,18,206,19,-1,19,206,207,-1,19,207,3,-1,3,207,208,-1,3,208,4,-1,4,208,209,-1,4,209,5,-1,5,209,210,-1,5,210,202,-1,15,17,211,-1,211,17,202,-1,13,15,212,-1,212,15,211,-1,14,13,213,-1,213,13,212,-1,16,14,214,-1,214,14,213,-1,16,214,215,-1,16,215,136,-1,136,215,216,-1,136,216,134,-1,134,216,217,-1,134,217,132,-1,132,217,218,-1,132,218,130,-1,130,218,219,-1,130,219,128,-1,128,219,220,-1,128,220,126,-1,126,220,221,-1,126,221,124,-1,124,221,222,-1,124,222,122,-1,122,222,223,-1,122,223,2,-1,2,223,224,-1,2,224,20,-1,20,224,225,-1,20,225,60,-1,60,225,226,-1,60,226,69,-1,69,226,227,-1,69,227,67,-1,67,227,228,-1,67,228,65,-1,63,65,228,-1,228,229,63,-1,63,229,230,-1,63,230,231,-1,232,108,231,-1,231,108,110,-1,231,110,63,-1,232,233,108,-1,108,233,234,-1,108,234,106,-1,106,234,235,-1,106,235,104,-1,104,235,236,-1,104,236,102,-1,102,236,237,-1,102,237,100,-1,100,237,238,-1,100,238,98,-1,98,238,239,-1,98,239,31,-1,31,239,240,-1,31,240,32,-1,32,240,241,-1,32,241,34,-1,34,241,242,-1,34,242,36,-1,36,242,243,-1,36,243,38,-1,38,243,244,-1,38,244,53,-1,53,244,245,-1,53,245,113,-1,113,245,246,-1,113,246,114,-1,114,246,247,-1,114,247,116,-1,116,247,248,-1,116,248,118,-1,118,248,249,-1,118,249,119,-1,119,249,250,-1,119,250,56,-1,56,250,251,-1,56,251,58,-1,58,251,252,-1,58,252,59,-1,59,252,23,-1,23,252,253,-1,23,253,254,-1,24,23,255,-1,255,23,254,-1,24,255,256,-1,24,256,26,-1,26,256,257,-1,26,257,28,-1,28,257,258,-1,28,258,79,-1,79,258,259,-1,79,259,80,-1,80,259,260,-1,80,260,82,-1,260,261,82,-1,82,261,262,-1,82,262,84,-1,84,262,263,-1,84,263,10,-1,10,263,264,-1,10,264,11,-1,11,264,265,-1,11,265,50,-1,50,265,266,-1,50,266,87,-1,87,266,267,-1,87,267,88,-1,88,267,268,-1,88,268,90,-1,90,268,269,-1,90,269,92,-1,92,269,270,-1,92,270,94,-1,96,94,271,-1,271,94,270,-1,96,271,272,-1,96,272,148,-1,148,272,273,-1,148,273,139,-1,139,273,274,-1,139,274,150,-1,150,274,275,-1,150,275,142,-1,142,275,276,-1,142,276,143,-1,143,276,277,-1,143,277,151,-1,151,277,278,-1,151,278,152,-1,152,278,279,-1,152,279,153,-1,153,279,280,-1,153,280,144,-1,144,280,281,-1,144,281,145,-1,145,281,282,-1,145,282,146,-1,146,282,283,-1,146,283,147,-1,147,283,284,-1,147,284,140,-1,140,284,285,-1,140,285,141,-1,141,285,286,-1,141,286,149,-1,149,286,287,-1,149,287,97,-1,97,287,288,-1,97,288,95,-1,93,95,289,-1,289,95,288,-1,93,289,290,-1,93,290,91,-1,91,290,291,-1,91,291,89,-1,89,291,292,-1,89,292,51,-1,51,292,293,-1,51,293,49,-1,49,293,294,-1,49,294,12,-1,12,294,295,-1,12,295,86,-1,86,295,158,-1,86,158,85,-1,131,296,297,-1,131,297,133,-1,133,297,298,-1,133,298,135,-1,135,298,299,-1,135,299,137,-1,137,299,300,-1,137,300,138,-1,138,300,301,-1,138,301,75,-1,75,301,302,-1,75,302,76,-1,76,302,303,-1,76,303,77,-1,77,303,304,-1,77,304,78,-1,78,304,305,-1,78,305,48,-1,48,305,306,-1,48,306,47,-1,47,306,307,-1,47,307,46,-1,46,307,308,-1,46,308,44,-1,44,308,309,-1,44,309,42,-1,42,309,310,-1,42,310,9,-1,9,310,311,-1,9,311,7,-1,7,311,312,-1,7,312,6,-1,6,312,313,-1,6,313,72,-1,72,313,314,-1,72,314,73,-1,73,314,315,-1,73,315,74,-1,74,315,316,-1,74,316,120,-1,120,316,317,-1,120,317,121,-1,121,317,318,-1,121,318,123,-1,123,318,319,-1,123,319,125,-1,125,319,320,-1,125,320,127,-1,127,320,321,-1,127,321,129,-1,129,321,296,-1,129,296,131,-1,
        ]
    }
}
Shape{
    appearance Appearance {
        material  Material 	{
            diffuseColor 0.996078431372549 0.8705882352941177 0.7607843137254902
            specularColor 0.4980392156862745 0.43529411764705883 0.3803921568627451
            ambientIntensity 0.8956
            transparency 0.0
            shininess 0.5
        }
    }
    geometry IndexedFaceSet {
        ccw TRUE
        solid FALSE
        coord DEF co Coordinate {
            point [
                -1.4472 -2.5866 0.3814, -1.4378 -2.5866 0.2937, -1.4378 -2.5866 0.3825, -1.4282 -2.5866 0.2947, -1.4285 -2.5866 0.3815, -1.4819 -2.5866 0.333, -1.4819 -2.5866 0.3431, -1.4573 -2.5866 0.3779, -1.4093 -2.5866 0.304, -1.4013 -2.5866 0.3634, -1.4087 -2.5866 0.3716, -1.4664 -2.5866 0.372, -1.4739 -2.5866 0.3639, -1.4792 -2.5866 0.354, -1.4794 -2.5866 0.3225, -1.4745 -2.5866 0.3132, -1.4673 -2.5866 0.3049, -1.4182 -2.5866 0.2982, -1.4179 -2.5866 0.3777, -1.4582 -2.5866 0.2987, -1.4476 -2.5866 0.2948, -1.3964 -2.5866 0.3219, -1.3937 -2.5866 0.3328, -1.4018 -2.5866 0.3121, -1.3937 -2.5866 0.3436, -1.3963 -2.5866 0.3541
            ]
        }
        coordIndex [
            0,1,2,-1,2,1,3,-1,2,3,4,-1,5,0,6,-1,6,0,7,-1,8,9,10,-1,7,11,6,-1,6,11,12,-1,6,12,13,-1,5,14,0,-1,0,14,15,-1,0,15,16,-1,3,17,4,-1,4,17,8,-1,4,8,18,-1,18,8,10,-1,16,19,0,-1,0,19,20,-1,0,20,1,-1,21,22,23,-1,23,22,24,-1,23,24,8,-1,8,24,25,-1,8,25,9,-1,
        ]
    }
}